go	onto	in_study	in_population	depth	log2fc	fdr	n_genes	description	genes
GO:0001711	BP	30	48	5	6.706681362910604	3.1240308342641328e-52	30	endodermal cell fate commitment	['Transcript_100228.0', 'Transcript_140027.0', 'Transcript_140434.0', 'Transcript_146061.0', 'Transcript_148837.0', 'Transcript_154410.0', 'Transcript_164793.0', 'Transcript_168010.0', 'Transcript_177074.0', 'Transcript_193002.0', 'Transcript_228864.0', 'Transcript_237373.0', 'Transcript_237862.0', 'Transcript_32081.0', 'Transcript_42835.0', 'Transcript_42942.0', 'Transcript_43675.0', 'Transcript_44325.0', 'Transcript_48156.0', 'Transcript_52995.0', 'Transcript_58493.0', 'Transcript_61462.0', 'Transcript_66503.0', 'Transcript_71058.0', 'Transcript_74600.0', 'Transcript_77337.0', 'Transcript_79197.0', 'Transcript_80840.0', 'Transcript_84994.0', 'Transcript_90220.0']
GO:0001714	BP	30	48	4	6.706681362910604	3.1240308342641328e-52	30	endodermal cell fate specification	['Transcript_100228.0', 'Transcript_140027.0', 'Transcript_140434.0', 'Transcript_146061.0', 'Transcript_148837.0', 'Transcript_154410.0', 'Transcript_164793.0', 'Transcript_168010.0', 'Transcript_177074.0', 'Transcript_193002.0', 'Transcript_228864.0', 'Transcript_237373.0', 'Transcript_237862.0', 'Transcript_32081.0', 'Transcript_42835.0', 'Transcript_42942.0', 'Transcript_43675.0', 'Transcript_44325.0', 'Transcript_48156.0', 'Transcript_52995.0', 'Transcript_58493.0', 'Transcript_61462.0', 'Transcript_66503.0', 'Transcript_71058.0', 'Transcript_74600.0', 'Transcript_77337.0', 'Transcript_79197.0', 'Transcript_80840.0', 'Transcript_84994.0', 'Transcript_90220.0']
GO:1903224	BP	30	48	5	6.706681362910604	3.1240308342641328e-52	30	regulation of endodermal cell differentiation	['Transcript_100228.0', 'Transcript_140027.0', 'Transcript_140434.0', 'Transcript_146061.0', 'Transcript_148837.0', 'Transcript_154410.0', 'Transcript_164793.0', 'Transcript_168010.0', 'Transcript_177074.0', 'Transcript_193002.0', 'Transcript_228864.0', 'Transcript_237373.0', 'Transcript_237862.0', 'Transcript_32081.0', 'Transcript_42835.0', 'Transcript_42942.0', 'Transcript_43675.0', 'Transcript_44325.0', 'Transcript_48156.0', 'Transcript_52995.0', 'Transcript_58493.0', 'Transcript_61462.0', 'Transcript_66503.0', 'Transcript_71058.0', 'Transcript_74600.0', 'Transcript_77337.0', 'Transcript_79197.0', 'Transcript_80840.0', 'Transcript_84994.0', 'Transcript_90220.0']
GO:0042663	BP	30	48	6	6.706681362910604	3.1240308342641328e-52	30	regulation of endodermal cell fate specification	['Transcript_100228.0', 'Transcript_140027.0', 'Transcript_140434.0', 'Transcript_146061.0', 'Transcript_148837.0', 'Transcript_154410.0', 'Transcript_164793.0', 'Transcript_168010.0', 'Transcript_177074.0', 'Transcript_193002.0', 'Transcript_228864.0', 'Transcript_237373.0', 'Transcript_237862.0', 'Transcript_32081.0', 'Transcript_42835.0', 'Transcript_42942.0', 'Transcript_43675.0', 'Transcript_44325.0', 'Transcript_48156.0', 'Transcript_52995.0', 'Transcript_58493.0', 'Transcript_61462.0', 'Transcript_66503.0', 'Transcript_71058.0', 'Transcript_74600.0', 'Transcript_77337.0', 'Transcript_79197.0', 'Transcript_80840.0', 'Transcript_84994.0', 'Transcript_90220.0']
GO:0035987	BP	30	49	4	6.676934019516551	6.411184977027627e-52	30	endodermal cell differentiation	['Transcript_100228.0', 'Transcript_140027.0', 'Transcript_140434.0', 'Transcript_146061.0', 'Transcript_148837.0', 'Transcript_154410.0', 'Transcript_164793.0', 'Transcript_168010.0', 'Transcript_177074.0', 'Transcript_193002.0', 'Transcript_228864.0', 'Transcript_237373.0', 'Transcript_237862.0', 'Transcript_32081.0', 'Transcript_42835.0', 'Transcript_42942.0', 'Transcript_43675.0', 'Transcript_44325.0', 'Transcript_48156.0', 'Transcript_52995.0', 'Transcript_58493.0', 'Transcript_61462.0', 'Transcript_66503.0', 'Transcript_71058.0', 'Transcript_74600.0', 'Transcript_77337.0', 'Transcript_79197.0', 'Transcript_80840.0', 'Transcript_84994.0', 'Transcript_90220.0']
GO:0051781	BP	30	65	5	6.269276050603306	7.832303303784435e-47	30	positive regulation of cell division	['Transcript_100228.0', 'Transcript_140027.0', 'Transcript_140434.0', 'Transcript_146061.0', 'Transcript_148837.0', 'Transcript_154410.0', 'Transcript_164793.0', 'Transcript_168010.0', 'Transcript_177074.0', 'Transcript_193002.0', 'Transcript_228864.0', 'Transcript_237373.0', 'Transcript_237862.0', 'Transcript_32081.0', 'Transcript_42835.0', 'Transcript_42942.0', 'Transcript_43675.0', 'Transcript_44325.0', 'Transcript_48156.0', 'Transcript_52995.0', 'Transcript_58493.0', 'Transcript_61462.0', 'Transcript_66503.0', 'Transcript_71058.0', 'Transcript_74600.0', 'Transcript_77337.0', 'Transcript_79197.0', 'Transcript_80840.0', 'Transcript_84994.0', 'Transcript_90220.0']
GO:0051302	BP	30	116	4	5.433662868504188	8.980596742619807e-38	30	regulation of cell division	['Transcript_100228.0', 'Transcript_140027.0', 'Transcript_140434.0', 'Transcript_146061.0', 'Transcript_148837.0', 'Transcript_154410.0', 'Transcript_164793.0', 'Transcript_168010.0', 'Transcript_177074.0', 'Transcript_193002.0', 'Transcript_228864.0', 'Transcript_237373.0', 'Transcript_237862.0', 'Transcript_32081.0', 'Transcript_42835.0', 'Transcript_42942.0', 'Transcript_43675.0', 'Transcript_44325.0', 'Transcript_48156.0', 'Transcript_52995.0', 'Transcript_58493.0', 'Transcript_61462.0', 'Transcript_66503.0', 'Transcript_71058.0', 'Transcript_74600.0', 'Transcript_77337.0', 'Transcript_79197.0', 'Transcript_80840.0', 'Transcript_84994.0', 'Transcript_90220.0']
GO:0045214	BP	14	84	5	4.799790767302085	5.798226711239326e-15	14	sarcomere organization	['Transcript_154811.0', 'Transcript_199810.0', 'Transcript_199838.0', 'Transcript_232582.0', 'Transcript_238953.0', 'Transcript_244324.0', 'Transcript_27842.0', 'Transcript_32938.0', 'Transcript_41286.0', 'Transcript_4363.0', 'Transcript_54676.0', 'Transcript_79196.0', 'Transcript_87159.0', 'Transcript_95379.0']
GO:0015012	BP	9	55	7	4.773318555940894	8.270799922578493e-10	9	heparan sulfate proteoglycan biosynthetic process	['Transcript_174870.0', 'Transcript_267521.0', 'Transcript_45039.0', 'Transcript_54648.0', 'Transcript_57345.0', 'Transcript_58309.0', 'Transcript_83717.0', 'Transcript_91097.0', 'Transcript_99813.0']
GO:0021999	BP	6	41	5	4.612163764126313	1.5288603643581292e-06	6	neural plate anterior/posterior regionalization	['Transcript_189115.0', 'Transcript_233826.0', 'Transcript_244393.0', 'Transcript_31608.0', 'Transcript_58796.0', 'Transcript_62436.0']
GO:0030239	BP	14	107	4	4.450641203679699	1.4675092917141953e-13	14	myofibril assembly	['Transcript_154811.0', 'Transcript_199810.0', 'Transcript_199838.0', 'Transcript_232582.0', 'Transcript_238953.0', 'Transcript_244324.0', 'Transcript_27842.0', 'Transcript_32938.0', 'Transcript_41286.0', 'Transcript_4363.0', 'Transcript_54676.0', 'Transcript_79196.0', 'Transcript_87159.0', 'Transcript_95379.0']
GO:0060048	BP	13	101	6	4.426981503412538	1.5308892310202152e-12	13	cardiac muscle contraction	['Transcript_154811.0', 'Transcript_199810.0', 'Transcript_199838.0', 'Transcript_232582.0', 'Transcript_238953.0', 'Transcript_27842.0', 'Transcript_32938.0', 'Transcript_41286.0', 'Transcript_4363.0', 'Transcript_54676.0', 'Transcript_79196.0', 'Transcript_87159.0', 'Transcript_95379.0']
GO:0044344	BP	30	248	4	4.337447553244885	1.014505928876398e-27	30	cellular response to fibroblast growth factor stimulus	['Transcript_100228.0', 'Transcript_140027.0', 'Transcript_140434.0', 'Transcript_146061.0', 'Transcript_148837.0', 'Transcript_154410.0', 'Transcript_164793.0', 'Transcript_168010.0', 'Transcript_177074.0', 'Transcript_193002.0', 'Transcript_228864.0', 'Transcript_237373.0', 'Transcript_237862.0', 'Transcript_32081.0', 'Transcript_42835.0', 'Transcript_42942.0', 'Transcript_43675.0', 'Transcript_44325.0', 'Transcript_48156.0', 'Transcript_52995.0', 'Transcript_58493.0', 'Transcript_61462.0', 'Transcript_66503.0', 'Transcript_71058.0', 'Transcript_74600.0', 'Transcript_77337.0', 'Transcript_79197.0', 'Transcript_80840.0', 'Transcript_84994.0', 'Transcript_90220.0']
GO:0071774	BP	30	248	3	4.337447553244885	1.014505928876398e-27	30	response to fibroblast growth factor	['Transcript_100228.0', 'Transcript_140027.0', 'Transcript_140434.0', 'Transcript_146061.0', 'Transcript_148837.0', 'Transcript_154410.0', 'Transcript_164793.0', 'Transcript_168010.0', 'Transcript_177074.0', 'Transcript_193002.0', 'Transcript_228864.0', 'Transcript_237373.0', 'Transcript_237862.0', 'Transcript_32081.0', 'Transcript_42835.0', 'Transcript_42942.0', 'Transcript_43675.0', 'Transcript_44325.0', 'Transcript_48156.0', 'Transcript_52995.0', 'Transcript_58493.0', 'Transcript_61462.0', 'Transcript_66503.0', 'Transcript_71058.0', 'Transcript_74600.0', 'Transcript_77337.0', 'Transcript_79197.0', 'Transcript_80840.0', 'Transcript_84994.0', 'Transcript_90220.0']
GO:0008543	BP	30	248	6	4.337447553244885	1.014505928876398e-27	30	fibroblast growth factor receptor signaling pathway	['Transcript_100228.0', 'Transcript_140027.0', 'Transcript_140434.0', 'Transcript_146061.0', 'Transcript_148837.0', 'Transcript_154410.0', 'Transcript_164793.0', 'Transcript_168010.0', 'Transcript_177074.0', 'Transcript_193002.0', 'Transcript_228864.0', 'Transcript_237373.0', 'Transcript_237862.0', 'Transcript_32081.0', 'Transcript_42835.0', 'Transcript_42942.0', 'Transcript_43675.0', 'Transcript_44325.0', 'Transcript_48156.0', 'Transcript_52995.0', 'Transcript_58493.0', 'Transcript_61462.0', 'Transcript_66503.0', 'Transcript_71058.0', 'Transcript_74600.0', 'Transcript_77337.0', 'Transcript_79197.0', 'Transcript_80840.0', 'Transcript_84994.0', 'Transcript_90220.0']
GO:0030166	BP	9	83	6	4.1796388381186285	2.8670982322247246e-08	9	proteoglycan biosynthetic process	['Transcript_174870.0', 'Transcript_267521.0', 'Transcript_45039.0', 'Transcript_54648.0', 'Transcript_57345.0', 'Transcript_58309.0', 'Transcript_83717.0', 'Transcript_91097.0', 'Transcript_99813.0']
GO:0060896	BP	6	56	3	4.162360846686793	7.712496760147596e-06	6	neural plate pattern specification	['Transcript_189115.0', 'Transcript_233826.0', 'Transcript_244393.0', 'Transcript_31608.0', 'Transcript_58796.0', 'Transcript_62436.0']
GO:0060897	BP	6	56	4	4.162360846686793	7.712496760147596e-06	6	neural plate regionalization	['Transcript_189115.0', 'Transcript_233826.0', 'Transcript_244393.0', 'Transcript_31608.0', 'Transcript_58796.0', 'Transcript_62436.0']
GO:0010927	BP	14	134	3	4.1260189996230725	2.9983355135089384e-12	14	cellular component assembly involved in morphogenesis	['Transcript_154811.0', 'Transcript_199810.0', 'Transcript_199838.0', 'Transcript_232582.0', 'Transcript_238953.0', 'Transcript_244324.0', 'Transcript_27842.0', 'Transcript_32938.0', 'Transcript_41286.0', 'Transcript_4363.0', 'Transcript_54676.0', 'Transcript_79196.0', 'Transcript_87159.0', 'Transcript_95379.0']
GO:0099537	BP	3	8094	4	4.012921364925027	5.211323285641672e-17	3	trans-synaptic signaling	['Transcript_165407.0', 'Transcript_31608.0', 'Transcript_36245.0']
GO:0099536	BP	3	8094	3	4.012921364925027	5.211323285641672e-17	3	synaptic signaling	['Transcript_165407.0', 'Transcript_31608.0', 'Transcript_36245.0']
GO:0098916	BP	3	8089	5	4.012029876890178	8.12255526973833e-17	3	anterograde trans-synaptic signaling	['Transcript_165407.0', 'Transcript_31608.0', 'Transcript_36245.0']
GO:0007268	BP	3	8089	6	4.012029876890178	8.12255526973833e-17	3	chemical synaptic transmission	['Transcript_165407.0', 'Transcript_31608.0', 'Transcript_36245.0']
GO:0009950	BP	5	55	4	3.925321649385944	0.00013147563883974487	5	dorsal/ventral axis specification	['Transcript_189115.0', 'Transcript_233826.0', 'Transcript_244393.0', 'Transcript_58796.0', 'Transcript_62436.0']
GO:0051960	BP	3	7550	5	3.9125451603554064	1.6420698077073556e-15	3	regulation of nervous system development	['Transcript_257167.0', 'Transcript_31608.0', 'Transcript_34277.0']
GO:0019219	BP	5	12254	5	3.8742837730667254	2.0890596635859552e-26	5	regulation of nucleobase-containing compound metabolic process	['Transcript_191098.0', 'Transcript_234849.0', 'Transcript_235310.0', 'Transcript_31669.0', 'Transcript_98183.0']
GO:0019222	BP	6	14357	3	3.8397509297930585	2.562491676642705e-31	6	regulation of metabolic process	['Transcript_191098.0', 'Transcript_234849.0', 'Transcript_235310.0', 'Transcript_31669.0', 'Transcript_34277.0', 'Transcript_98183.0']
GO:0031323	BP	6	13929	4	3.796088297543421	5.898535489092487e-30	6	regulation of cellular metabolic process	['Transcript_191098.0', 'Transcript_234849.0', 'Transcript_235310.0', 'Transcript_31669.0', 'Transcript_34277.0', 'Transcript_98183.0']
GO:0060255	BP	6	13841	4	3.786944790985103	8.510928877808008e-30	6	regulation of macromolecule metabolic process	['Transcript_191098.0', 'Transcript_234849.0', 'Transcript_235310.0', 'Transcript_31669.0', 'Transcript_34277.0', 'Transcript_98183.0']
GO:0007154	BP	4	9202	2	3.782978473080004	9.486682570395685e-19	4	cell communication	['Transcript_165407.0', 'Transcript_257948.0', 'Transcript_31608.0', 'Transcript_36245.0']
GO:0006941	BP	13	158	5	3.7814122379872304	3.48181879800816e-10	13	striated muscle contraction	['Transcript_154811.0', 'Transcript_199810.0', 'Transcript_199838.0', 'Transcript_232582.0', 'Transcript_238953.0', 'Transcript_27842.0', 'Transcript_32938.0', 'Transcript_41286.0', 'Transcript_4363.0', 'Transcript_54676.0', 'Transcript_79196.0', 'Transcript_87159.0', 'Transcript_95379.0']
GO:0080090	BP	6	13724	4	3.7746976418132574	1.4439303253643328e-29	6	regulation of primary metabolic process	['Transcript_191098.0', 'Transcript_234849.0', 'Transcript_235310.0', 'Transcript_31669.0', 'Transcript_34277.0', 'Transcript_98183.0']
GO:0007267	BP	4	9139	2	3.7730673291903867	1.4397315142942004e-18	4	cell-cell signaling	['Transcript_165407.0', 'Transcript_257948.0', 'Transcript_31608.0', 'Transcript_36245.0']
GO:0051171	BP	6	13564	4	3.757779300281034	5.232461315521074e-29	6	regulation of nitrogen compound metabolic process	['Transcript_191098.0', 'Transcript_234849.0', 'Transcript_235310.0', 'Transcript_31669.0', 'Transcript_34277.0', 'Transcript_98183.0']
GO:0031032	BP	14	176	4	3.732676571443548	1.0432514533815313e-10	14	actomyosin structure organization	['Transcript_154811.0', 'Transcript_199810.0', 'Transcript_199838.0', 'Transcript_232582.0', 'Transcript_238953.0', 'Transcript_244324.0', 'Transcript_27842.0', 'Transcript_32938.0', 'Transcript_41286.0', 'Transcript_4363.0', 'Transcript_54676.0', 'Transcript_79196.0', 'Transcript_87159.0', 'Transcript_95379.0']
GO:0060319	BP	3	39	6	3.684313549882149	0.008893449825922644	3	primitive erythrocyte differentiation	['Transcript_192957.0', 'Transcript_244161.0', 'Transcript_254419.0']
GO:0006936	BP	13	176	4	3.625761367527036	1.2050111096717809e-09	13	muscle contraction	['Transcript_154811.0', 'Transcript_199810.0', 'Transcript_199838.0', 'Transcript_232582.0', 'Transcript_238953.0', 'Transcript_27842.0', 'Transcript_32938.0', 'Transcript_41286.0', 'Transcript_4363.0', 'Transcript_54676.0', 'Transcript_79196.0', 'Transcript_87159.0', 'Transcript_95379.0']
GO:0003012	BP	13	189	3	3.5229505619432606	2.8514869406881147e-09	13	muscle system process	['Transcript_154811.0', 'Transcript_199810.0', 'Transcript_199838.0', 'Transcript_232582.0', 'Transcript_238953.0', 'Transcript_27842.0', 'Transcript_32938.0', 'Transcript_41286.0', 'Transcript_4363.0', 'Transcript_54676.0', 'Transcript_79196.0', 'Transcript_87159.0', 'Transcript_95379.0']
GO:0044281	BP	3	5746	2	3.5186265087881266	8.255144166154024e-11	3	small molecule metabolic process	['Transcript_130021.0', 'Transcript_46586.0', 'Transcript_84481.0']
GO:0009056	BP	3	5689	2	3.5042435969503636	1.2201531640510407e-10	3	catabolic process	['Transcript_130021.0', 'Transcript_46586.0', 'Transcript_84481.0']
GO:0001501	BP	3	5534	4	3.4643911598655572	2.4821809796801305e-10	3	skeletal system development	['Transcript_112853.0', 'Transcript_225184.0', 'Transcript_257167.0']
GO:0045935	BP	5	8841	6	3.4033124829345534	1.1115583240472183e-16	5	positive regulation of nucleobase-containing compound metabolic process	['Transcript_191098.0', 'Transcript_234849.0', 'Transcript_235310.0', 'Transcript_31669.0', 'Transcript_98183.0']
GO:0055017	BP	17	270	3	3.39540051222275	2.675380832753193e-11	17	cardiac muscle tissue growth	['Transcript_101995.0', 'Transcript_149184.0', 'Transcript_163470.0', 'Transcript_195942.0', 'Transcript_199944.0', 'Transcript_214496.0', 'Transcript_229378.0', 'Transcript_232549.0', 'Transcript_239184.0', 'Transcript_244324.0', 'Transcript_245269.0', 'Transcript_30189.0', 'Transcript_46382.0', 'Transcript_55624.0', 'Transcript_59260.0', 'Transcript_61695.0', 'Transcript_79442.0']
GO:0014855	BP	17	270	4	3.39540051222275	2.675380832753193e-11	17	striated muscle cell proliferation	['Transcript_101995.0', 'Transcript_149184.0', 'Transcript_163470.0', 'Transcript_195942.0', 'Transcript_199944.0', 'Transcript_214496.0', 'Transcript_229378.0', 'Transcript_232549.0', 'Transcript_239184.0', 'Transcript_244324.0', 'Transcript_245269.0', 'Transcript_30189.0', 'Transcript_46382.0', 'Transcript_55624.0', 'Transcript_59260.0', 'Transcript_61695.0', 'Transcript_79442.0']
GO:0060038	BP	17	270	5	3.39540051222275	2.675380832753193e-11	17	cardiac muscle cell proliferation	['Transcript_101995.0', 'Transcript_149184.0', 'Transcript_163470.0', 'Transcript_195942.0', 'Transcript_199944.0', 'Transcript_214496.0', 'Transcript_229378.0', 'Transcript_232549.0', 'Transcript_239184.0', 'Transcript_244324.0', 'Transcript_245269.0', 'Transcript_30189.0', 'Transcript_46382.0', 'Transcript_55624.0', 'Transcript_59260.0', 'Transcript_61695.0', 'Transcript_79442.0']
GO:0044248	BP	3	5269	3	3.3935976956290803	1.0831781849750362e-09	3	cellular catabolic process	['Transcript_130021.0', 'Transcript_46586.0', 'Transcript_84481.0']
GO:0060419	BP	17	272	3	3.3847532680232413	2.963879683273172e-11	17	heart growth	['Transcript_101995.0', 'Transcript_149184.0', 'Transcript_163470.0', 'Transcript_195942.0', 'Transcript_199944.0', 'Transcript_214496.0', 'Transcript_229378.0', 'Transcript_232549.0', 'Transcript_239184.0', 'Transcript_244324.0', 'Transcript_245269.0', 'Transcript_30189.0', 'Transcript_46382.0', 'Transcript_55624.0', 'Transcript_59260.0', 'Transcript_61695.0', 'Transcript_79442.0']
GO:0009893	BP	6	10281	4	3.3579772084959334	1.2225042707445823e-19	6	positive regulation of metabolic process	['Transcript_191098.0', 'Transcript_234849.0', 'Transcript_235310.0', 'Transcript_31669.0', 'Transcript_34277.0', 'Transcript_98183.0']
GO:0010604	BP	6	10238	5	3.351930522246984	1.8815572066918663e-19	6	positive regulation of macromolecule metabolic process	['Transcript_191098.0', 'Transcript_234849.0', 'Transcript_235310.0', 'Transcript_31669.0', 'Transcript_34277.0', 'Transcript_98183.0']
GO:0060232	BP	5	82	7	3.3491293582925197	0.0008431443574745178	5	delamination	['Transcript_189115.0', 'Transcript_233826.0', 'Transcript_244393.0', 'Transcript_58796.0', 'Transcript_62436.0']
GO:0031325	BP	6	10043	5	3.3241868998771222	7.40939420329246e-19	6	positive regulation of cellular metabolic process	['Transcript_191098.0', 'Transcript_234849.0', 'Transcript_235310.0', 'Transcript_31669.0', 'Transcript_34277.0', 'Transcript_98183.0']
GO:0051173	BP	6	10019	5	3.3207351306119812	7.40939420329246e-19	6	positive regulation of nitrogen compound metabolic process	['Transcript_191098.0', 'Transcript_234849.0', 'Transcript_235310.0', 'Transcript_31669.0', 'Transcript_34277.0', 'Transcript_98183.0']
GO:1901575	BP	3	4971	3	3.309604619198211	5.053530771360581e-09	3	organic substance catabolic process	['Transcript_130021.0', 'Transcript_46586.0', 'Transcript_84481.0']
GO:0060047	BP	18	309	5	3.283215241561179	2.1851423413722802e-11	18	heart contraction	['Transcript_154811.0', 'Transcript_199810.0', 'Transcript_199838.0', 'Transcript_230834.0', 'Transcript_232582.0', 'Transcript_238953.0', 'Transcript_244324.0', 'Transcript_269791.0', 'Transcript_27842.0', 'Transcript_32938.0', 'Transcript_41286.0', 'Transcript_4363.0', 'Transcript_43910.0', 'Transcript_54676.0', 'Transcript_79196.0', 'Transcript_87159.0', 'Transcript_95379.0', 'Transcript_98532.0']
GO:0033002	BP	17	303	3	3.2290421258006297	1.3897623845787715e-10	17	muscle cell proliferation	['Transcript_101995.0', 'Transcript_149184.0', 'Transcript_163470.0', 'Transcript_195942.0', 'Transcript_199944.0', 'Transcript_214496.0', 'Transcript_229378.0', 'Transcript_232549.0', 'Transcript_239184.0', 'Transcript_244324.0', 'Transcript_245269.0', 'Transcript_30189.0', 'Transcript_46382.0', 'Transcript_55624.0', 'Transcript_59260.0', 'Transcript_61695.0', 'Transcript_79442.0']
GO:0003015	BP	18	322	4	3.2237613913509366	4.126301981635369e-11	18	heart process	['Transcript_154811.0', 'Transcript_199810.0', 'Transcript_199838.0', 'Transcript_230834.0', 'Transcript_232582.0', 'Transcript_238953.0', 'Transcript_244324.0', 'Transcript_269791.0', 'Transcript_27842.0', 'Transcript_32938.0', 'Transcript_41286.0', 'Transcript_4363.0', 'Transcript_43910.0', 'Transcript_54676.0', 'Transcript_79196.0', 'Transcript_87159.0', 'Transcript_95379.0', 'Transcript_98532.0']
GO:0051301	BP	31	557	2	3.217416061070084	1.0268028654813622e-18	31	cell division	['Transcript_100228.0', 'Transcript_140027.0', 'Transcript_140434.0', 'Transcript_146061.0', 'Transcript_148837.0', 'Transcript_154410.0', 'Transcript_164793.0', 'Transcript_168010.0', 'Transcript_177074.0', 'Transcript_193002.0', 'Transcript_228864.0', 'Transcript_237373.0', 'Transcript_237862.0', 'Transcript_32081.0', 'Transcript_42835.0', 'Transcript_42942.0', 'Transcript_43675.0', 'Transcript_44325.0', 'Transcript_48156.0', 'Transcript_52995.0', 'Transcript_58493.0', 'Transcript_61462.0', 'Transcript_66503.0', 'Transcript_71058.0', 'Transcript_74600.0', 'Transcript_77337.0', 'Transcript_79197.0', 'Transcript_80840.0', 'Transcript_84994.0', 'Transcript_90220.0', 'Transcript_98183.0']
GO:0006811	BP	5	7648	4	3.194185445070145	1.2768684652302607e-13	5	ion transport	['Transcript_165407.0', 'Transcript_228604.0', 'Transcript_230834.0', 'Transcript_266508.0', 'Transcript_269791.0']
GO:0035265	BP	18	344	2	3.1284135147634555	1.1192177699999246e-10	18	organ growth	['Transcript_101995.0', 'Transcript_149184.0', 'Transcript_163470.0', 'Transcript_195942.0', 'Transcript_199944.0', 'Transcript_20276.0', 'Transcript_214496.0', 'Transcript_229378.0', 'Transcript_232549.0', 'Transcript_239184.0', 'Transcript_244324.0', 'Transcript_245269.0', 'Transcript_30189.0', 'Transcript_46382.0', 'Transcript_55624.0', 'Transcript_59260.0', 'Transcript_61695.0', 'Transcript_79442.0']
GO:0065008	BP	7	9611	2	3.0383626421238596	7.199964711463117e-17	7	regulation of biological quality	['Transcript_192957.0', 'Transcript_244161.0', 'Transcript_254419.0', 'Transcript_274841.0', 'Transcript_36245.0', 'Transcript_46586.0', 'Transcript_84481.0']
GO:0046483	BP	8	10080	3	2.914454750364038	2.9980683171428824e-17	8	heterocycle metabolic process	['Transcript_116902.0', 'Transcript_234849.0', 'Transcript_235310.0', 'Transcript_266508.0', 'Transcript_27013.0', 'Transcript_31669.0', 'Transcript_68583.0', 'Transcript_98183.0']
GO:0018130	BP	3	3777	4	2.9133092996957757	2.5087196185013093e-06	3	heterocycle biosynthetic process	['Transcript_27013.0', 'Transcript_31669.0', 'Transcript_68583.0']
GO:0006139	BP	8	10060	3	2.9115894166696488	4.6607456279934655e-17	8	nucleobase-containing compound metabolic process	['Transcript_116902.0', 'Transcript_234849.0', 'Transcript_235310.0', 'Transcript_266508.0', 'Transcript_27013.0', 'Transcript_31669.0', 'Transcript_68583.0', 'Transcript_98183.0']
GO:0034654	BP	3	3763	4	2.9079518053234845	3.5537213186900265e-06	3	nucleobase-containing compound biosynthetic process	['Transcript_27013.0', 'Transcript_31669.0', 'Transcript_68583.0']
GO:0042592	BP	4	4986	3	2.8989138994682597	3.138187176585668e-08	4	homeostatic process	['Transcript_192957.0', 'Transcript_244161.0', 'Transcript_254419.0', 'Transcript_274841.0']
GO:0030201	BP	9	206	6	2.8681777422823354	3.2644618484595794e-05	9	heparan sulfate proteoglycan metabolic process	['Transcript_174870.0', 'Transcript_267521.0', 'Transcript_45039.0', 'Transcript_54648.0', 'Transcript_57345.0', 'Transcript_58309.0', 'Transcript_83717.0', 'Transcript_91097.0', 'Transcript_99813.0']
GO:0006812	BP	5	5642	5	2.7553095876749683	7.829973700995053e-09	5	cation transport	['Transcript_165407.0', 'Transcript_228604.0', 'Transcript_230834.0', 'Transcript_266508.0', 'Transcript_269791.0']
GO:0006793	BP	4	4511	3	2.7544783026961124	5.227603113027861e-07	4	phosphorus metabolic process	['Transcript_20276.0', 'Transcript_234849.0', 'Transcript_235310.0', 'Transcript_258684.0']
GO:0006796	BP	4	4499	4	2.750635383555805	5.135921580637547e-07	4	phosphate-containing compound metabolic process	['Transcript_20276.0', 'Transcript_234849.0', 'Transcript_235310.0', 'Transcript_258684.0']
GO:0042551	BP	16	399	4	2.7445083318008954	4.7119339387841754e-08	16	neuron maturation	['Transcript_101995.0', 'Transcript_149184.0', 'Transcript_163470.0', 'Transcript_195942.0', 'Transcript_199944.0', 'Transcript_214496.0', 'Transcript_229378.0', 'Transcript_232549.0', 'Transcript_239184.0', 'Transcript_245269.0', 'Transcript_30189.0', 'Transcript_46382.0', 'Transcript_55624.0', 'Transcript_59260.0', 'Transcript_61695.0', 'Transcript_79442.0']
GO:1901360	BP	10	11198	3	2.7442721018023892	2.538479904552019e-18	10	organic cyclic compound metabolic process	['Transcript_116902.0', 'Transcript_234849.0', 'Transcript_235310.0', 'Transcript_266508.0', 'Transcript_27013.0', 'Transcript_31669.0', 'Transcript_46586.0', 'Transcript_68583.0', 'Transcript_84481.0', 'Transcript_98183.0']
GO:0048738	BP	21	524	6	2.743647689264551	2.623630079857665e-10	21	cardiac muscle tissue development	['Transcript_101995.0', 'Transcript_149184.0', 'Transcript_163470.0', 'Transcript_195942.0', 'Transcript_199944.0', 'Transcript_214496.0', 'Transcript_229378.0', 'Transcript_230834.0', 'Transcript_232549.0', 'Transcript_239184.0', 'Transcript_244324.0', 'Transcript_245269.0', 'Transcript_269791.0', 'Transcript_30189.0', 'Transcript_43910.0', 'Transcript_46382.0', 'Transcript_55624.0', 'Transcript_59260.0', 'Transcript_61695.0', 'Transcript_79442.0', 'Transcript_98532.0']
GO:0032879	BP	6	6679	3	2.7357006301383016	1.9194233030661057e-10	6	regulation of localization	['Transcript_165407.0', 'Transcript_228604.0', 'Transcript_230834.0', 'Transcript_266508.0', 'Transcript_269791.0', 'Transcript_34277.0']
GO:0048732	BP	4	4449	4	2.7345121151525453	4.99196721064201e-07	4	gland development	['Transcript_191098.0', 'Transcript_233853.0', 'Transcript_234849.0', 'Transcript_235310.0']
GO:0006725	BP	10	11056	3	2.725860537477655	5.980364568183088e-18	10	cellular aromatic compound metabolic process	['Transcript_116902.0', 'Transcript_234849.0', 'Transcript_235310.0', 'Transcript_266508.0', 'Transcript_27013.0', 'Transcript_31669.0', 'Transcript_46586.0', 'Transcript_68583.0', 'Transcript_84481.0', 'Transcript_98183.0']
GO:0034641	BP	10	10816	3	2.6941980733715813	2.1810550729080644e-17	10	cellular nitrogen compound metabolic process	['Transcript_116902.0', 'Transcript_234849.0', 'Transcript_235310.0', 'Transcript_266508.0', 'Transcript_27013.0', 'Transcript_31669.0', 'Transcript_46586.0', 'Transcript_68583.0', 'Transcript_84481.0', 'Transcript_98183.0']
GO:0033554	BP	5	5384	3	2.687781331699714	3.1531258301693736e-08	5	cellular response to stress	['Transcript_234849.0', 'Transcript_235310.0', 'Transcript_27013.0', 'Transcript_68583.0', 'Transcript_98183.0']
GO:0006029	BP	9	236	5	2.6720352201037123	9.490612466474447e-05	9	proteoglycan metabolic process	['Transcript_174870.0', 'Transcript_267521.0', 'Transcript_45039.0', 'Transcript_54648.0', 'Transcript_57345.0', 'Transcript_58309.0', 'Transcript_83717.0', 'Transcript_91097.0', 'Transcript_99813.0']
GO:0050953	BP	5	5211	5	2.6406631765209454	6.156359652054496e-08	5	sensory perception of light stimulus	['Transcript_189221.0', 'Transcript_230834.0', 'Transcript_269791.0', 'Transcript_43910.0', 'Transcript_98532.0']
GO:0007601	BP	5	5210	6	2.640386294255267	6.156359652054496e-08	5	visual perception	['Transcript_189221.0', 'Transcript_230834.0', 'Transcript_269791.0', 'Transcript_43910.0', 'Transcript_98532.0']
GO:0080134	BP	3	3050	4	2.6048777585932137	0.00011471032086241008	3	regulation of response to stress	['Transcript_234849.0', 'Transcript_235310.0', 'Transcript_98183.0']
GO:0001945	BP	4	112	3	2.577398345965637	0.023012520021605833	4	lymph vessel development	['Transcript_1140.0', 'Transcript_233035.0', 'Transcript_76993.0', 'Transcript_96470.0']
GO:1901362	BP	5	4902	4	2.552473405956236	3.491859467368927e-07	5	organic cyclic compound biosynthetic process	['Transcript_27013.0', 'Transcript_31669.0', 'Transcript_46586.0', 'Transcript_68583.0', 'Transcript_84481.0']
GO:0030001	BP	5	4861	6	2.5403560558779783	3.4331483921741075e-07	5	metal ion transport	['Transcript_165407.0', 'Transcript_228604.0', 'Transcript_230834.0', 'Transcript_266508.0', 'Transcript_269791.0']
GO:0010454	BP	30	881	6	2.508645654711346	9.645041674149147e-13	30	negative regulation of cell fate commitment	['Transcript_100228.0', 'Transcript_140027.0', 'Transcript_140434.0', 'Transcript_146061.0', 'Transcript_148837.0', 'Transcript_154410.0', 'Transcript_164793.0', 'Transcript_168010.0', 'Transcript_177074.0', 'Transcript_193002.0', 'Transcript_228864.0', 'Transcript_237373.0', 'Transcript_237862.0', 'Transcript_32081.0', 'Transcript_42835.0', 'Transcript_42942.0', 'Transcript_43675.0', 'Transcript_44325.0', 'Transcript_48156.0', 'Transcript_52995.0', 'Transcript_58493.0', 'Transcript_61462.0', 'Transcript_66503.0', 'Transcript_71058.0', 'Transcript_74600.0', 'Transcript_77337.0', 'Transcript_79197.0', 'Transcript_80840.0', 'Transcript_84994.0', 'Transcript_90220.0']
GO:0009996	BP	30	881	7	2.508645654711346	9.645041674149147e-13	30	negative regulation of cell fate specification	['Transcript_100228.0', 'Transcript_140027.0', 'Transcript_140434.0', 'Transcript_146061.0', 'Transcript_148837.0', 'Transcript_154410.0', 'Transcript_164793.0', 'Transcript_168010.0', 'Transcript_177074.0', 'Transcript_193002.0', 'Transcript_228864.0', 'Transcript_237373.0', 'Transcript_237862.0', 'Transcript_32081.0', 'Transcript_42835.0', 'Transcript_42942.0', 'Transcript_43675.0', 'Transcript_44325.0', 'Transcript_48156.0', 'Transcript_52995.0', 'Transcript_58493.0', 'Transcript_61462.0', 'Transcript_66503.0', 'Transcript_71058.0', 'Transcript_74600.0', 'Transcript_77337.0', 'Transcript_79197.0', 'Transcript_80840.0', 'Transcript_84994.0', 'Transcript_90220.0']
GO:2000542	BP	30	881	6	2.508645654711346	9.645041674149147e-13	30	negative regulation of gastrulation	['Transcript_100228.0', 'Transcript_140027.0', 'Transcript_140434.0', 'Transcript_146061.0', 'Transcript_148837.0', 'Transcript_154410.0', 'Transcript_164793.0', 'Transcript_168010.0', 'Transcript_177074.0', 'Transcript_193002.0', 'Transcript_228864.0', 'Transcript_237373.0', 'Transcript_237862.0', 'Transcript_32081.0', 'Transcript_42835.0', 'Transcript_42942.0', 'Transcript_43675.0', 'Transcript_44325.0', 'Transcript_48156.0', 'Transcript_52995.0', 'Transcript_58493.0', 'Transcript_61462.0', 'Transcript_66503.0', 'Transcript_71058.0', 'Transcript_74600.0', 'Transcript_77337.0', 'Transcript_79197.0', 'Transcript_80840.0', 'Transcript_84994.0', 'Transcript_90220.0']
GO:0042659	BP	30	881	6	2.508645654711346	9.645041674149147e-13	30	regulation of cell fate specification	['Transcript_100228.0', 'Transcript_140027.0', 'Transcript_140434.0', 'Transcript_146061.0', 'Transcript_148837.0', 'Transcript_154410.0', 'Transcript_164793.0', 'Transcript_168010.0', 'Transcript_177074.0', 'Transcript_193002.0', 'Transcript_228864.0', 'Transcript_237373.0', 'Transcript_237862.0', 'Transcript_32081.0', 'Transcript_42835.0', 'Transcript_42942.0', 'Transcript_43675.0', 'Transcript_44325.0', 'Transcript_48156.0', 'Transcript_52995.0', 'Transcript_58493.0', 'Transcript_61462.0', 'Transcript_66503.0', 'Transcript_71058.0', 'Transcript_74600.0', 'Transcript_77337.0', 'Transcript_79197.0', 'Transcript_80840.0', 'Transcript_84994.0', 'Transcript_90220.0']
GO:0010453	BP	30	882	5	2.507009018074239	9.838447719644543e-13	30	regulation of cell fate commitment	['Transcript_100228.0', 'Transcript_140027.0', 'Transcript_140434.0', 'Transcript_146061.0', 'Transcript_148837.0', 'Transcript_154410.0', 'Transcript_164793.0', 'Transcript_168010.0', 'Transcript_177074.0', 'Transcript_193002.0', 'Transcript_228864.0', 'Transcript_237373.0', 'Transcript_237862.0', 'Transcript_32081.0', 'Transcript_42835.0', 'Transcript_42942.0', 'Transcript_43675.0', 'Transcript_44325.0', 'Transcript_48156.0', 'Transcript_52995.0', 'Transcript_58493.0', 'Transcript_61462.0', 'Transcript_66503.0', 'Transcript_71058.0', 'Transcript_74600.0', 'Transcript_77337.0', 'Transcript_79197.0', 'Transcript_80840.0', 'Transcript_84994.0', 'Transcript_90220.0']
GO:0019438	BP	5	4746	4	2.5058150222833446	6.532146482877996e-07	5	aromatic compound biosynthetic process	['Transcript_27013.0', 'Transcript_31669.0', 'Transcript_46586.0', 'Transcript_68583.0', 'Transcript_84481.0']
GO:0045992	BP	30	884	5	2.503741304240328	1.0333213456420638e-12	30	negative regulation of embryonic development	['Transcript_100228.0', 'Transcript_140027.0', 'Transcript_140434.0', 'Transcript_146061.0', 'Transcript_148837.0', 'Transcript_154410.0', 'Transcript_164793.0', 'Transcript_168010.0', 'Transcript_177074.0', 'Transcript_193002.0', 'Transcript_228864.0', 'Transcript_237373.0', 'Transcript_237862.0', 'Transcript_32081.0', 'Transcript_42835.0', 'Transcript_42942.0', 'Transcript_43675.0', 'Transcript_44325.0', 'Transcript_48156.0', 'Transcript_52995.0', 'Transcript_58493.0', 'Transcript_61462.0', 'Transcript_66503.0', 'Transcript_71058.0', 'Transcript_74600.0', 'Transcript_77337.0', 'Transcript_79197.0', 'Transcript_80840.0', 'Transcript_84994.0', 'Transcript_90220.0']
GO:0048469	BP	16	472	3	2.5021102186614	3.9514800101890396e-07	16	cell maturation	['Transcript_101995.0', 'Transcript_149184.0', 'Transcript_163470.0', 'Transcript_195942.0', 'Transcript_199944.0', 'Transcript_214496.0', 'Transcript_229378.0', 'Transcript_232549.0', 'Transcript_239184.0', 'Transcript_245269.0', 'Transcript_30189.0', 'Transcript_46382.0', 'Transcript_55624.0', 'Transcript_59260.0', 'Transcript_61695.0', 'Transcript_79442.0']
GO:0080135	BP	3	2800	4	2.4814953430879316	0.0004593248132689389	3	regulation of cellular response to stress	['Transcript_234849.0', 'Transcript_235310.0', 'Transcript_98183.0']
GO:0010470	BP	30	901	5	2.476260567818221	1.6407605419094224e-12	30	regulation of gastrulation	['Transcript_100228.0', 'Transcript_140027.0', 'Transcript_140434.0', 'Transcript_146061.0', 'Transcript_148837.0', 'Transcript_154410.0', 'Transcript_164793.0', 'Transcript_168010.0', 'Transcript_177074.0', 'Transcript_193002.0', 'Transcript_228864.0', 'Transcript_237373.0', 'Transcript_237862.0', 'Transcript_32081.0', 'Transcript_42835.0', 'Transcript_42942.0', 'Transcript_43675.0', 'Transcript_44325.0', 'Transcript_48156.0', 'Transcript_52995.0', 'Transcript_58493.0', 'Transcript_61462.0', 'Transcript_66503.0', 'Transcript_71058.0', 'Transcript_74600.0', 'Transcript_77337.0', 'Transcript_79197.0', 'Transcript_80840.0', 'Transcript_84994.0', 'Transcript_90220.0']
GO:0071695	BP	16	483	3	2.468873889187468	5.227603113027861e-07	16	anatomical structure maturation	['Transcript_101995.0', 'Transcript_149184.0', 'Transcript_163470.0', 'Transcript_195942.0', 'Transcript_199944.0', 'Transcript_214496.0', 'Transcript_229378.0', 'Transcript_232549.0', 'Transcript_239184.0', 'Transcript_245269.0', 'Transcript_30189.0', 'Transcript_46382.0', 'Transcript_55624.0', 'Transcript_59260.0', 'Transcript_61695.0', 'Transcript_79442.0']
GO:0051049	BP	6	5536	4	2.4649124588923277	8.279118667708411e-08	6	regulation of transport	['Transcript_165407.0', 'Transcript_228604.0', 'Transcript_230834.0', 'Transcript_266508.0', 'Transcript_269791.0', 'Transcript_34277.0']
GO:0090304	BP	8	7341	4	2.457007618777305	1.529369422538445e-10	8	nucleic acid metabolic process	['Transcript_116902.0', 'Transcript_234849.0', 'Transcript_235310.0', 'Transcript_266508.0', 'Transcript_27013.0', 'Transcript_31669.0', 'Transcript_68583.0', 'Transcript_98183.0']
GO:0009628	BP	3	2743	2	2.4518231381038804	0.0006484989389674635	3	response to abiotic stimulus	['Transcript_189221.0', 'Transcript_76950.0', 'Transcript_98183.0']
GO:0071363	BP	32	983	5	2.4437056616826602	4.749882050812698e-13	32	cellular response to growth factor stimulus	['Transcript_100228.0', 'Transcript_112853.0', 'Transcript_140027.0', 'Transcript_140434.0', 'Transcript_146061.0', 'Transcript_148837.0', 'Transcript_154410.0', 'Transcript_164793.0', 'Transcript_168010.0', 'Transcript_177074.0', 'Transcript_193002.0', 'Transcript_225184.0', 'Transcript_228864.0', 'Transcript_237373.0', 'Transcript_237862.0', 'Transcript_32081.0', 'Transcript_42835.0', 'Transcript_42942.0', 'Transcript_43675.0', 'Transcript_44325.0', 'Transcript_48156.0', 'Transcript_52995.0', 'Transcript_58493.0', 'Transcript_61462.0', 'Transcript_66503.0', 'Transcript_71058.0', 'Transcript_74600.0', 'Transcript_77337.0', 'Transcript_79197.0', 'Transcript_80840.0', 'Transcript_84994.0', 'Transcript_90220.0']
GO:0070848	BP	32	983	4	2.4437056616826602	4.749882050812698e-13	32	response to growth factor	['Transcript_100228.0', 'Transcript_112853.0', 'Transcript_140027.0', 'Transcript_140434.0', 'Transcript_146061.0', 'Transcript_148837.0', 'Transcript_154410.0', 'Transcript_164793.0', 'Transcript_168010.0', 'Transcript_177074.0', 'Transcript_193002.0', 'Transcript_225184.0', 'Transcript_228864.0', 'Transcript_237373.0', 'Transcript_237862.0', 'Transcript_32081.0', 'Transcript_42835.0', 'Transcript_42942.0', 'Transcript_43675.0', 'Transcript_44325.0', 'Transcript_48156.0', 'Transcript_52995.0', 'Transcript_58493.0', 'Transcript_61462.0', 'Transcript_66503.0', 'Transcript_71058.0', 'Transcript_74600.0', 'Transcript_77337.0', 'Transcript_79197.0', 'Transcript_80840.0', 'Transcript_84994.0', 'Transcript_90220.0']
GO:2001020	BP	3	2714	5	2.436489236674457	0.0006352279723436798	3	regulation of response to DNA damage stimulus	['Transcript_234849.0', 'Transcript_235310.0', 'Transcript_98183.0']
GO:2001022	BP	3	2684	5	2.4204531874557866	0.0009191623048061563	3	positive regulation of response to DNA damage stimulus	['Transcript_234849.0', 'Transcript_235310.0', 'Transcript_98183.0']
GO:0044271	BP	6	5128	4	2.354464777874344	4.298059062270788e-07	6	cellular nitrogen compound biosynthetic process	['Transcript_116902.0', 'Transcript_27013.0', 'Transcript_31669.0', 'Transcript_46586.0', 'Transcript_68583.0', 'Transcript_84481.0']
GO:0010648	BP	5	4251	5	2.3469051807285717	5.88164325803925e-06	5	negative regulation of cell communication	['Transcript_191098.0', 'Transcript_225184.0', 'Transcript_234849.0', 'Transcript_235310.0', 'Transcript_257167.0']
GO:0023057	BP	5	4251	4	2.3469051807285717	5.88164325803925e-06	5	negative regulation of signaling	['Transcript_191098.0', 'Transcript_225184.0', 'Transcript_234849.0', 'Transcript_235310.0', 'Transcript_257167.0']
GO:0048585	BP	5	4249	4	2.346226265402683	5.88164325803925e-06	5	negative regulation of response to stimulus	['Transcript_191098.0', 'Transcript_225184.0', 'Transcript_234849.0', 'Transcript_235310.0', 'Transcript_257167.0']
GO:0009968	BP	5	4227	5	2.3387370341201894	8.450816164738697e-06	5	negative regulation of signal transduction	['Transcript_191098.0', 'Transcript_225184.0', 'Transcript_234849.0', 'Transcript_235310.0', 'Transcript_257167.0']
GO:0006325	BP	3	2520	4	2.3294922496428816	0.0017350538083937411	3	chromatin organization	['Transcript_234849.0', 'Transcript_235310.0', 'Transcript_98183.0']
GO:0001947	BP	16	532	5	2.3294708325220514	1.645267032891697e-06	16	heart looping	['Transcript_101995.0', 'Transcript_149184.0', 'Transcript_163470.0', 'Transcript_195942.0', 'Transcript_199944.0', 'Transcript_214496.0', 'Transcript_229378.0', 'Transcript_232549.0', 'Transcript_239184.0', 'Transcript_245269.0', 'Transcript_30189.0', 'Transcript_46382.0', 'Transcript_55624.0', 'Transcript_59260.0', 'Transcript_61695.0', 'Transcript_79442.0']
GO:0048584	BP	5	4193	4	2.327085751935787	8.244162725847412e-06	5	positive regulation of response to stimulus	['Transcript_234849.0', 'Transcript_235310.0', 'Transcript_257948.0', 'Transcript_34277.0', 'Transcript_98183.0']
GO:0003143	BP	16	536	4	2.3186640775654683	1.7759118995090072e-06	16	embryonic heart tube morphogenesis	['Transcript_101995.0', 'Transcript_149184.0', 'Transcript_163470.0', 'Transcript_195942.0', 'Transcript_199944.0', 'Transcript_214496.0', 'Transcript_229378.0', 'Transcript_232549.0', 'Transcript_239184.0', 'Transcript_245269.0', 'Transcript_30189.0', 'Transcript_46382.0', 'Transcript_55624.0', 'Transcript_59260.0', 'Transcript_61695.0', 'Transcript_79442.0']
GO:0006974	BP	5	4164	4	2.3170729903888136	1.2100557426586277e-05	5	cellular response to DNA damage stimulus	['Transcript_234849.0', 'Transcript_235310.0', 'Transcript_27013.0', 'Transcript_68583.0', 'Transcript_98183.0']
GO:0030900	BP	3	2443	3	2.284722379522859	0.002380121165966944	3	forebrain development	['Transcript_234849.0', 'Transcript_235310.0', 'Transcript_34277.0']
GO:0006950	BP	8	6431	2	2.2660741061155267	1.585891882972415e-08	8	response to stress	['Transcript_189221.0', 'Transcript_234849.0', 'Transcript_235310.0', 'Transcript_27013.0', 'Transcript_43398.0', 'Transcript_68583.0', 'Transcript_76950.0', 'Transcript_98183.0']
GO:0060795	BP	30	1047	4	2.259598136700951	6.252200742689827e-11	30	cell fate commitment involved in formation of primary germ layer	['Transcript_100228.0', 'Transcript_140027.0', 'Transcript_140434.0', 'Transcript_146061.0', 'Transcript_148837.0', 'Transcript_154410.0', 'Transcript_164793.0', 'Transcript_168010.0', 'Transcript_177074.0', 'Transcript_193002.0', 'Transcript_228864.0', 'Transcript_237373.0', 'Transcript_237862.0', 'Transcript_32081.0', 'Transcript_42835.0', 'Transcript_42942.0', 'Transcript_43675.0', 'Transcript_44325.0', 'Transcript_48156.0', 'Transcript_52995.0', 'Transcript_58493.0', 'Transcript_61462.0', 'Transcript_66503.0', 'Transcript_71058.0', 'Transcript_74600.0', 'Transcript_77337.0', 'Transcript_79197.0', 'Transcript_80840.0', 'Transcript_84994.0', 'Transcript_90220.0']
GO:0008016	BP	5	178	6	2.230947931944206	0.022086040858869584	5	regulation of heart contraction	['Transcript_230834.0', 'Transcript_244324.0', 'Transcript_269791.0', 'Transcript_43910.0', 'Transcript_98532.0']
GO:0021700	BP	16	570	2	2.229935158971137	3.4608894926271984e-06	16	developmental maturation	['Transcript_101995.0', 'Transcript_149184.0', 'Transcript_163470.0', 'Transcript_195942.0', 'Transcript_199944.0', 'Transcript_214496.0', 'Transcript_229378.0', 'Transcript_232549.0', 'Transcript_239184.0', 'Transcript_245269.0', 'Transcript_30189.0', 'Transcript_46382.0', 'Transcript_55624.0', 'Transcript_59260.0', 'Transcript_61695.0', 'Transcript_79442.0']
GO:0030097	BP	5	3874	5	2.212926875692651	4.673367999909897e-05	5	hemopoiesis	['Transcript_192957.0', 'Transcript_225184.0', 'Transcript_244161.0', 'Transcript_254419.0', 'Transcript_34277.0']
GO:0007275	BP	4	3099	2	2.212833771562975	0.0004030863854660734	4	multicellular organism development	['Transcript_112853.0', 'Transcript_225184.0', 'Transcript_31608.0', 'Transcript_34277.0']
GO:0009792	BP	4	3099	4	2.212833771562975	0.0004030863854660734	4	embryo development ending in birth or egg hatching	['Transcript_112853.0', 'Transcript_225184.0', 'Transcript_31608.0', 'Transcript_34277.0']
GO:0009790	BP	4	3099	3	2.212833771562975	0.0004030863854660734	4	embryo development	['Transcript_112853.0', 'Transcript_225184.0', 'Transcript_31608.0', 'Transcript_34277.0']
GO:0043009	BP	4	3098	5	2.2123681607663275	0.0004030863854660734	4	chordate embryonic development	['Transcript_112853.0', 'Transcript_225184.0', 'Transcript_31608.0', 'Transcript_34277.0']
GO:0035050	BP	16	579	4	2.2073337300340046	4.212438148845796e-06	16	embryonic heart tube development	['Transcript_101995.0', 'Transcript_149184.0', 'Transcript_163470.0', 'Transcript_195942.0', 'Transcript_199944.0', 'Transcript_214496.0', 'Transcript_229378.0', 'Transcript_232549.0', 'Transcript_239184.0', 'Transcript_245269.0', 'Transcript_30189.0', 'Transcript_46382.0', 'Transcript_55624.0', 'Transcript_59260.0', 'Transcript_61695.0', 'Transcript_79442.0']
GO:0022408	BP	5	182	6	2.198886722711907	0.02416921073718526	5	negative regulation of cell-cell adhesion	['Transcript_189115.0', 'Transcript_233826.0', 'Transcript_244393.0', 'Transcript_58796.0', 'Transcript_62436.0']
GO:0022407	BP	5	184	5	2.183119406853591	0.024985960787207915	5	regulation of cell-cell adhesion	['Transcript_189115.0', 'Transcript_233826.0', 'Transcript_244393.0', 'Transcript_58796.0', 'Transcript_62436.0']
GO:0007162	BP	5	187	5	2.1597869030229666	0.02598403795042336	5	negative regulation of cell adhesion	['Transcript_189115.0', 'Transcript_233826.0', 'Transcript_244393.0', 'Transcript_58796.0', 'Transcript_62436.0']
GO:0045596	BP	30	1152	5	2.1217188621894474	4.93331981364114e-10	30	negative regulation of cell differentiation	['Transcript_100228.0', 'Transcript_140027.0', 'Transcript_140434.0', 'Transcript_146061.0', 'Transcript_148837.0', 'Transcript_154410.0', 'Transcript_164793.0', 'Transcript_168010.0', 'Transcript_177074.0', 'Transcript_193002.0', 'Transcript_228864.0', 'Transcript_237373.0', 'Transcript_237862.0', 'Transcript_32081.0', 'Transcript_42835.0', 'Transcript_42942.0', 'Transcript_43675.0', 'Transcript_44325.0', 'Transcript_48156.0', 'Transcript_52995.0', 'Transcript_58493.0', 'Transcript_61462.0', 'Transcript_66503.0', 'Transcript_71058.0', 'Transcript_74600.0', 'Transcript_77337.0', 'Transcript_79197.0', 'Transcript_80840.0', 'Transcript_84994.0', 'Transcript_90220.0']
GO:0048880	BP	5	3611	4	2.1115013420380366	0.0001813753736105952	5	sensory system development	['Transcript_230834.0', 'Transcript_269791.0', 'Transcript_34277.0', 'Transcript_43910.0', 'Transcript_98532.0']
GO:0007600	BP	9	6479	4	2.1068771730022045	7.085203728579005e-08	9	sensory perception	['Transcript_189221.0', 'Transcript_230834.0', 'Transcript_234849.0', 'Transcript_235310.0', 'Transcript_269791.0', 'Transcript_274841.0', 'Transcript_43398.0', 'Transcript_43910.0', 'Transcript_98532.0']
GO:0050877	BP	10	7003	3	2.0670760092291958	2.1444935116185362e-08	10	nervous system process	['Transcript_189221.0', 'Transcript_230834.0', 'Transcript_234849.0', 'Transcript_235310.0', 'Transcript_269791.0', 'Transcript_274841.0', 'Transcript_36245.0', 'Transcript_43398.0', 'Transcript_43910.0', 'Transcript_98532.0']
GO:0045995	BP	31	1258	5	2.042033371530827	8.66652851072022e-10	31	regulation of embryonic development	['Transcript_100228.0', 'Transcript_140027.0', 'Transcript_140434.0', 'Transcript_146061.0', 'Transcript_148837.0', 'Transcript_154410.0', 'Transcript_164793.0', 'Transcript_168010.0', 'Transcript_177074.0', 'Transcript_193002.0', 'Transcript_228864.0', 'Transcript_237373.0', 'Transcript_237862.0', 'Transcript_31608.0', 'Transcript_32081.0', 'Transcript_42835.0', 'Transcript_42942.0', 'Transcript_43675.0', 'Transcript_44325.0', 'Transcript_48156.0', 'Transcript_52995.0', 'Transcript_58493.0', 'Transcript_61462.0', 'Transcript_66503.0', 'Transcript_71058.0', 'Transcript_74600.0', 'Transcript_77337.0', 'Transcript_79197.0', 'Transcript_80840.0', 'Transcript_84994.0', 'Transcript_90220.0']
GO:0001654	BP	5	3258	5	1.9630895256149143	0.0008995835465872529	5	eye development	['Transcript_230834.0', 'Transcript_269791.0', 'Transcript_34277.0', 'Transcript_43910.0', 'Transcript_98532.0']
GO:0150063	BP	5	3257	5	1.9626466414852999	0.0008995835465872529	5	visual system development	['Transcript_230834.0', 'Transcript_269791.0', 'Transcript_34277.0', 'Transcript_43910.0', 'Transcript_98532.0']
GO:0002520	BP	6	3887	2	1.9547256235948	0.0002094751558098346	6	immune system development	['Transcript_191098.0', 'Transcript_192957.0', 'Transcript_225184.0', 'Transcript_244161.0', 'Transcript_254419.0', 'Transcript_34277.0']
GO:0048534	BP	6	3885	4	1.953983114550675	0.0002092787366986399	6	hematopoietic or lymphoid organ development	['Transcript_191098.0', 'Transcript_192957.0', 'Transcript_225184.0', 'Transcript_244161.0', 'Transcript_254419.0', 'Transcript_34277.0']
GO:0061371	BP	16	699	6	1.9356046226478048	4.2275553779546726e-05	16	determination of heart left/right asymmetry	['Transcript_101995.0', 'Transcript_149184.0', 'Transcript_163470.0', 'Transcript_195942.0', 'Transcript_199944.0', 'Transcript_214496.0', 'Transcript_229378.0', 'Transcript_232549.0', 'Transcript_239184.0', 'Transcript_245269.0', 'Transcript_30189.0', 'Transcript_46382.0', 'Transcript_55624.0', 'Transcript_59260.0', 'Transcript_61695.0', 'Transcript_79442.0']
GO:0010941	BP	3	1905	4	1.9258595136362873	0.028064525742092353	3	regulation of cell death	['Transcript_20276.0', 'Transcript_234849.0', 'Transcript_235310.0']
GO:0003007	BP	20	887	4	1.9138910686095398	4.145087509108067e-06	20	heart morphogenesis	['Transcript_101995.0', 'Transcript_149184.0', 'Transcript_163470.0', 'Transcript_195942.0', 'Transcript_199944.0', 'Transcript_214496.0', 'Transcript_229378.0', 'Transcript_230834.0', 'Transcript_232549.0', 'Transcript_239184.0', 'Transcript_245269.0', 'Transcript_269791.0', 'Transcript_30189.0', 'Transcript_43910.0', 'Transcript_46382.0', 'Transcript_55624.0', 'Transcript_59260.0', 'Transcript_61695.0', 'Transcript_79442.0', 'Transcript_98532.0']
GO:1902531	BP	13	7957	5	1.8728158974926108	1.4337858248981171e-08	13	regulation of intracellular signal transduction	['Transcript_195942.0', 'Transcript_225184.0', 'Transcript_229378.0', 'Transcript_231299.0', 'Transcript_232549.0', 'Transcript_270318.0', 'Transcript_34007.0', 'Transcript_52751.0', 'Transcript_56797.0', 'Transcript_59260.0', 'Transcript_75708.0', 'Transcript_79442.0', 'Transcript_88672.0']
GO:0035556	BP	15	9050	3	1.852058213226171	9.855575373686097e-10	15	intracellular signal transduction	['Transcript_195942.0', 'Transcript_20276.0', 'Transcript_225184.0', 'Transcript_229378.0', 'Transcript_231299.0', 'Transcript_232549.0', 'Transcript_270318.0', 'Transcript_34007.0', 'Transcript_52751.0', 'Transcript_56797.0', 'Transcript_59260.0', 'Transcript_75708.0', 'Transcript_79442.0', 'Transcript_88672.0', 'Transcript_98183.0']
GO:0048731	BP	25	14936	3	1.8378967544282363	4.7649280105324667e-17	25	system development	['Transcript_112853.0', 'Transcript_1140.0', 'Transcript_165407.0', 'Transcript_191098.0', 'Transcript_192957.0', 'Transcript_211385.0', 'Transcript_225184.0', 'Transcript_228604.0', 'Transcript_230834.0', 'Transcript_233035.0', 'Transcript_233853.0', 'Transcript_234849.0', 'Transcript_235310.0', 'Transcript_244161.0', 'Transcript_254419.0', 'Transcript_257167.0', 'Transcript_257948.0', 'Transcript_266508.0', 'Transcript_269791.0', 'Transcript_34277.0', 'Transcript_43910.0', 'Transcript_74699.0', 'Transcript_76993.0', 'Transcript_96470.0', 'Transcript_98532.0']
GO:0048513	BP	27	15868	3	1.8141919119585708	4.954952142766303e-18	27	animal organ development	['Transcript_112853.0', 'Transcript_165407.0', 'Transcript_189115.0', 'Transcript_191098.0', 'Transcript_192957.0', 'Transcript_225184.0', 'Transcript_228604.0', 'Transcript_230834.0', 'Transcript_233826.0', 'Transcript_233853.0', 'Transcript_234849.0', 'Transcript_235310.0', 'Transcript_244161.0', 'Transcript_244393.0', 'Transcript_254419.0', 'Transcript_257167.0', 'Transcript_257948.0', 'Transcript_258783.0', 'Transcript_266508.0', 'Transcript_269791.0', 'Transcript_31608.0', 'Transcript_34277.0', 'Transcript_43910.0', 'Transcript_58796.0', 'Transcript_62436.0', 'Transcript_74699.0', 'Transcript_98532.0']
GO:0009953	BP	7	4038	4	1.7873170052506282	0.00030446578136077845	7	dorsal/ventral pattern formation	['Transcript_189115.0', 'Transcript_233826.0', 'Transcript_244393.0', 'Transcript_257167.0', 'Transcript_34277.0', 'Transcript_58796.0', 'Transcript_62436.0']
GO:0051234	BP	18	10364	2	1.7846150307145408	6.705683493142474e-11	18	establishment of localization	['Transcript_101995.0', 'Transcript_137150.0', 'Transcript_149184.0', 'Transcript_163470.0', 'Transcript_165407.0', 'Transcript_199944.0', 'Transcript_214496.0', 'Transcript_228604.0', 'Transcript_230834.0', 'Transcript_239184.0', 'Transcript_245269.0', 'Transcript_266508.0', 'Transcript_269791.0', 'Transcript_30189.0', 'Transcript_34277.0', 'Transcript_46382.0', 'Transcript_55624.0', 'Transcript_61695.0']
GO:0006810	BP	18	10330	3	1.7798743642868684	9.582600825283815e-11	18	transport	['Transcript_101995.0', 'Transcript_137150.0', 'Transcript_149184.0', 'Transcript_163470.0', 'Transcript_165407.0', 'Transcript_199944.0', 'Transcript_214496.0', 'Transcript_228604.0', 'Transcript_230834.0', 'Transcript_239184.0', 'Transcript_245269.0', 'Transcript_266508.0', 'Transcript_269791.0', 'Transcript_30189.0', 'Transcript_34277.0', 'Transcript_46382.0', 'Transcript_55624.0', 'Transcript_61695.0']
GO:0051241	BP	31	1604	4	1.6914911519551958	1.7119810803927108e-07	31	negative regulation of multicellular organismal process	['Transcript_100228.0', 'Transcript_140027.0', 'Transcript_140434.0', 'Transcript_146061.0', 'Transcript_148837.0', 'Transcript_154410.0', 'Transcript_164793.0', 'Transcript_168010.0', 'Transcript_177074.0', 'Transcript_193002.0', 'Transcript_228864.0', 'Transcript_237373.0', 'Transcript_237862.0', 'Transcript_257167.0', 'Transcript_32081.0', 'Transcript_42835.0', 'Transcript_42942.0', 'Transcript_43675.0', 'Transcript_44325.0', 'Transcript_48156.0', 'Transcript_52995.0', 'Transcript_58493.0', 'Transcript_61462.0', 'Transcript_66503.0', 'Transcript_71058.0', 'Transcript_74600.0', 'Transcript_77337.0', 'Transcript_79197.0', 'Transcript_80840.0', 'Transcript_84994.0', 'Transcript_90220.0']
GO:0007265	BP	12	6461	5	1.6878259909589814	2.5961848795949107e-06	12	Ras protein signal transduction	['Transcript_195942.0', 'Transcript_229378.0', 'Transcript_231299.0', 'Transcript_232549.0', 'Transcript_270318.0', 'Transcript_34007.0', 'Transcript_52751.0', 'Transcript_56797.0', 'Transcript_59260.0', 'Transcript_75708.0', 'Transcript_79442.0', 'Transcript_88672.0']
GO:0051093	BP	31	1613	4	1.6834188552544735	1.8955263842280127e-07	31	negative regulation of developmental process	['Transcript_100228.0', 'Transcript_140027.0', 'Transcript_140434.0', 'Transcript_146061.0', 'Transcript_148837.0', 'Transcript_154410.0', 'Transcript_164793.0', 'Transcript_168010.0', 'Transcript_177074.0', 'Transcript_193002.0', 'Transcript_228864.0', 'Transcript_237373.0', 'Transcript_237862.0', 'Transcript_257167.0', 'Transcript_32081.0', 'Transcript_42835.0', 'Transcript_42942.0', 'Transcript_43675.0', 'Transcript_44325.0', 'Transcript_48156.0', 'Transcript_52995.0', 'Transcript_58493.0', 'Transcript_61462.0', 'Transcript_66503.0', 'Transcript_71058.0', 'Transcript_74600.0', 'Transcript_77337.0', 'Transcript_79197.0', 'Transcript_80840.0', 'Transcript_84994.0', 'Transcript_90220.0']
GO:0023051	BP	21	11180	3	1.6715618769285512	6.423814429140958e-11	21	regulation of signaling	['Transcript_112853.0', 'Transcript_191098.0', 'Transcript_195942.0', 'Transcript_225184.0', 'Transcript_229378.0', 'Transcript_231299.0', 'Transcript_232549.0', 'Transcript_234849.0', 'Transcript_235310.0', 'Transcript_257167.0', 'Transcript_257948.0', 'Transcript_270318.0', 'Transcript_31608.0', 'Transcript_34007.0', 'Transcript_34277.0', 'Transcript_52751.0', 'Transcript_56797.0', 'Transcript_59260.0', 'Transcript_75708.0', 'Transcript_79442.0', 'Transcript_88672.0']
GO:0010646	BP	21	11179	4	1.6714328286668354	6.423814429140958e-11	21	regulation of cell communication	['Transcript_112853.0', 'Transcript_191098.0', 'Transcript_195942.0', 'Transcript_225184.0', 'Transcript_229378.0', 'Transcript_231299.0', 'Transcript_232549.0', 'Transcript_234849.0', 'Transcript_235310.0', 'Transcript_257167.0', 'Transcript_257948.0', 'Transcript_270318.0', 'Transcript_31608.0', 'Transcript_34007.0', 'Transcript_34277.0', 'Transcript_52751.0', 'Transcript_56797.0', 'Transcript_59260.0', 'Transcript_75708.0', 'Transcript_79442.0', 'Transcript_88672.0']
GO:1901135	BP	9	4782	3	1.6687201452460745	0.000133274526739541	9	carbohydrate derivative metabolic process	['Transcript_174870.0', 'Transcript_267521.0', 'Transcript_45039.0', 'Transcript_54648.0', 'Transcript_57345.0', 'Transcript_58309.0', 'Transcript_83717.0', 'Transcript_91097.0', 'Transcript_99813.0']
GO:0044238	BP	33	17469	2	1.663362016774282	2.2996481105739965e-18	33	primary metabolic process	['Transcript_101995.0', 'Transcript_116902.0', 'Transcript_149184.0', 'Transcript_163470.0', 'Transcript_174870.0', 'Transcript_199944.0', 'Transcript_20276.0', 'Transcript_214496.0', 'Transcript_231511.0', 'Transcript_234849.0', 'Transcript_235310.0', 'Transcript_239184.0', 'Transcript_245269.0', 'Transcript_258684.0', 'Transcript_266508.0', 'Transcript_267521.0', 'Transcript_27013.0', 'Transcript_30189.0', 'Transcript_31669.0', 'Transcript_34277.0', 'Transcript_45039.0', 'Transcript_46382.0', 'Transcript_54648.0', 'Transcript_55624.0', 'Transcript_57345.0', 'Transcript_58309.0', 'Transcript_60808.0', 'Transcript_61695.0', 'Transcript_68583.0', 'Transcript_83717.0', 'Transcript_91097.0', 'Transcript_98183.0', 'Transcript_99813.0']
GO:0007264	BP	13	6758	4	1.6371876489994686	2.01169194648536e-06	13	small GTPase mediated signal transduction	['Transcript_195942.0', 'Transcript_225184.0', 'Transcript_229378.0', 'Transcript_231299.0', 'Transcript_232549.0', 'Transcript_270318.0', 'Transcript_34007.0', 'Transcript_52751.0', 'Transcript_56797.0', 'Transcript_59260.0', 'Transcript_75708.0', 'Transcript_79442.0', 'Transcript_88672.0']
GO:0030855	BP	6	3108	4	1.632055019663313	0.006019151239825054	6	epithelial cell differentiation	['Transcript_191098.0', 'Transcript_233035.0', 'Transcript_257948.0', 'Transcript_34277.0', 'Transcript_76993.0', 'Transcript_96470.0']
GO:0071704	BP	36	18234	2	1.5996651907778972	1.4397315142942004e-18	36	organic substance metabolic process	['Transcript_101995.0', 'Transcript_116902.0', 'Transcript_130021.0', 'Transcript_149184.0', 'Transcript_163470.0', 'Transcript_174870.0', 'Transcript_199944.0', 'Transcript_20276.0', 'Transcript_214496.0', 'Transcript_231511.0', 'Transcript_234849.0', 'Transcript_235310.0', 'Transcript_239184.0', 'Transcript_245269.0', 'Transcript_258684.0', 'Transcript_266508.0', 'Transcript_267521.0', 'Transcript_27013.0', 'Transcript_30189.0', 'Transcript_31669.0', 'Transcript_34277.0', 'Transcript_45039.0', 'Transcript_46382.0', 'Transcript_46586.0', 'Transcript_54648.0', 'Transcript_55624.0', 'Transcript_57345.0', 'Transcript_58309.0', 'Transcript_60808.0', 'Transcript_61695.0', 'Transcript_68583.0', 'Transcript_83717.0', 'Transcript_84481.0', 'Transcript_91097.0', 'Transcript_98183.0', 'Transcript_99813.0']
GO:0015672	BP	5	2531	6	1.5988104292000807	0.024680624333642643	5	monovalent inorganic cation transport	['Transcript_165407.0', 'Transcript_228604.0', 'Transcript_230834.0', 'Transcript_266508.0', 'Transcript_269791.0']
GO:0033036	BP	13	6536	2	1.5889992819813503	6.351920096750205e-06	13	macromolecule localization	['Transcript_101995.0', 'Transcript_137150.0', 'Transcript_149184.0', 'Transcript_163470.0', 'Transcript_199944.0', 'Transcript_214496.0', 'Transcript_239184.0', 'Transcript_245269.0', 'Transcript_30189.0', 'Transcript_34277.0', 'Transcript_46382.0', 'Transcript_55624.0', 'Transcript_61695.0']
GO:0097435	BP	14	780	4	1.5847778763312346	0.001779206527050906	14	supramolecular fiber organization	['Transcript_154811.0', 'Transcript_199810.0', 'Transcript_199838.0', 'Transcript_232582.0', 'Transcript_238953.0', 'Transcript_244324.0', 'Transcript_27842.0', 'Transcript_32938.0', 'Transcript_41286.0', 'Transcript_4363.0', 'Transcript_54676.0', 'Transcript_79196.0', 'Transcript_87159.0', 'Transcript_95379.0']
GO:0051641	BP	13	6513	2	1.5839135251719674	6.235081822372494e-06	13	cellular localization	['Transcript_101995.0', 'Transcript_137150.0', 'Transcript_149184.0', 'Transcript_163470.0', 'Transcript_199944.0', 'Transcript_214496.0', 'Transcript_239184.0', 'Transcript_245269.0', 'Transcript_30189.0', 'Transcript_34277.0', 'Transcript_46382.0', 'Transcript_55624.0', 'Transcript_61695.0']
GO:0009100	BP	9	4420	4	1.5551523848132405	0.000608899850091956	9	glycoprotein metabolic process	['Transcript_174870.0', 'Transcript_267521.0', 'Transcript_45039.0', 'Transcript_54648.0', 'Transcript_57345.0', 'Transcript_58309.0', 'Transcript_83717.0', 'Transcript_91097.0', 'Transcript_99813.0']
GO:0007368	BP	17	971	5	1.5488886238543882	0.0005898228107642407	17	determination of left/right symmetry	['Transcript_101995.0', 'Transcript_149184.0', 'Transcript_163470.0', 'Transcript_195942.0', 'Transcript_199944.0', 'Transcript_214496.0', 'Transcript_229378.0', 'Transcript_232549.0', 'Transcript_239184.0', 'Transcript_245269.0', 'Transcript_30189.0', 'Transcript_34277.0', 'Transcript_46382.0', 'Transcript_55624.0', 'Transcript_59260.0', 'Transcript_61695.0', 'Transcript_79442.0']
GO:0090596	BP	7	3418	4	1.5468284915952941	0.004570377735851289	7	sensory organ morphogenesis	['Transcript_230834.0', 'Transcript_234849.0', 'Transcript_235310.0', 'Transcript_269791.0', 'Transcript_34277.0', 'Transcript_43910.0', 'Transcript_98532.0']
GO:1901137	BP	9	4382	4	1.5426954995246691	0.0008361218419679354	9	carbohydrate derivative biosynthetic process	['Transcript_174870.0', 'Transcript_267521.0', 'Transcript_45039.0', 'Transcript_54648.0', 'Transcript_57345.0', 'Transcript_58309.0', 'Transcript_83717.0', 'Transcript_91097.0', 'Transcript_99813.0']
GO:0048583	BP	22	10622	3	1.5305829274322869	2.575794360069364e-09	22	regulation of response to stimulus	['Transcript_112853.0', 'Transcript_191098.0', 'Transcript_195942.0', 'Transcript_225184.0', 'Transcript_229378.0', 'Transcript_231299.0', 'Transcript_232549.0', 'Transcript_234849.0', 'Transcript_235310.0', 'Transcript_257167.0', 'Transcript_257948.0', 'Transcript_270318.0', 'Transcript_31608.0', 'Transcript_34007.0', 'Transcript_34277.0', 'Transcript_52751.0', 'Transcript_56797.0', 'Transcript_59260.0', 'Transcript_75708.0', 'Transcript_79442.0', 'Transcript_88672.0', 'Transcript_98183.0']
GO:0005104	MF	30	83	5	5.916604432284835	1.3569317020922315e-42	30	fibroblast growth factor receptor binding	['Transcript_100228.0', 'Transcript_140027.0', 'Transcript_140434.0', 'Transcript_146061.0', 'Transcript_148837.0', 'Transcript_154410.0', 'Transcript_164793.0', 'Transcript_168010.0', 'Transcript_177074.0', 'Transcript_193002.0', 'Transcript_228864.0', 'Transcript_237373.0', 'Transcript_237862.0', 'Transcript_32081.0', 'Transcript_42835.0', 'Transcript_42942.0', 'Transcript_43675.0', 'Transcript_44325.0', 'Transcript_48156.0', 'Transcript_52995.0', 'Transcript_58493.0', 'Transcript_61462.0', 'Transcript_66503.0', 'Transcript_71058.0', 'Transcript_74600.0', 'Transcript_77337.0', 'Transcript_79197.0', 'Transcript_80840.0', 'Transcript_84994.0', 'Transcript_90220.0']
GO:0070851	MF	31	114	4	5.5060595642453745	7.146927224612475e-40	31	growth factor receptor binding	['Transcript_100228.0', 'Transcript_112853.0', 'Transcript_140027.0', 'Transcript_140434.0', 'Transcript_146061.0', 'Transcript_148837.0', 'Transcript_154410.0', 'Transcript_164793.0', 'Transcript_168010.0', 'Transcript_177074.0', 'Transcript_193002.0', 'Transcript_228864.0', 'Transcript_237373.0', 'Transcript_237862.0', 'Transcript_32081.0', 'Transcript_42835.0', 'Transcript_42942.0', 'Transcript_43675.0', 'Transcript_44325.0', 'Transcript_48156.0', 'Transcript_52995.0', 'Transcript_58493.0', 'Transcript_61462.0', 'Transcript_66503.0', 'Transcript_71058.0', 'Transcript_74600.0', 'Transcript_77337.0', 'Transcript_79197.0', 'Transcript_80840.0', 'Transcript_84994.0', 'Transcript_90220.0']
GO:0030676	MF	7	27	5	5.437220687917377	3.73052184131739e-09	7	Rac guanyl-nucleotide exchange factor activity	['Transcript_231299.0', 'Transcript_270318.0', 'Transcript_34007.0', 'Transcript_52751.0', 'Transcript_56797.0', 'Transcript_75708.0', 'Transcript_88672.0']
GO:0034483	MF	9	40	5	5.232750174578191	5.1116093523601024e-11	9	heparan sulfate sulfotransferase activity	['Transcript_174870.0', 'Transcript_267521.0', 'Transcript_45039.0', 'Transcript_54648.0', 'Transcript_57345.0', 'Transcript_58309.0', 'Transcript_83717.0', 'Transcript_91097.0', 'Transcript_99813.0']
GO:0008307	MF	13	60	2	5.178302390555815	1.4468750338198054e-15	13	structural constituent of muscle	['Transcript_154811.0', 'Transcript_199810.0', 'Transcript_199838.0', 'Transcript_232582.0', 'Transcript_238953.0', 'Transcript_27842.0', 'Transcript_32938.0', 'Transcript_41286.0', 'Transcript_4363.0', 'Transcript_54676.0', 'Transcript_79196.0', 'Transcript_87159.0', 'Transcript_95379.0']
GO:0042805	MF	13	79	4	4.78141223798723	5.959464760379313e-14	13	actinin binding	['Transcript_154811.0', 'Transcript_199810.0', 'Transcript_199838.0', 'Transcript_232582.0', 'Transcript_238953.0', 'Transcript_27842.0', 'Transcript_32938.0', 'Transcript_41286.0', 'Transcript_4363.0', 'Transcript_54676.0', 'Transcript_79196.0', 'Transcript_87159.0', 'Transcript_95379.0']
GO:0003700	MF	3	10897	2	4.441927619124684	7.0797707857363575e-25	3	DNA-binding transcription factor activity	['Transcript_112853.0', 'Transcript_31608.0', 'Transcript_31669.0']
GO:0000981	MF	3	10897	3	4.441927619124684	7.0797707857363575e-25	3	DNA-binding transcription factor activity, RNA polymerase II-specific	['Transcript_112853.0', 'Transcript_31608.0', 'Transcript_31669.0']
GO:0031543	MF	5	41	3	4.34912935829252	2.9204607773931372e-05	5	peptidyl-proline dioxygenase activity	['Transcript_102585.0', 'Transcript_143340.0', 'Transcript_255061.0', 'Transcript_27692.0', 'Transcript_83712.0']
GO:0019798	MF	5	41	4	4.34912935829252	2.9204607773931372e-05	5	procollagen-proline dioxygenase activity	['Transcript_102585.0', 'Transcript_143340.0', 'Transcript_255061.0', 'Transcript_27692.0', 'Transcript_83712.0']
GO:0031418	MF	5	41	4	4.34912935829252	2.9204607773931372e-05	5	L-ascorbic acid binding	['Transcript_102585.0', 'Transcript_143340.0', 'Transcript_255061.0', 'Transcript_27692.0', 'Transcript_83712.0']
GO:0038023	MF	4	10789	2	4.01252026347926	1.6285133516341873e-23	4	signaling receptor activity	['Transcript_112853.0', 'Transcript_130021.0', 'Transcript_211385.0', 'Transcript_36245.0']
GO:0004888	MF	4	9692	3	3.8578254214281054	2.092099691815564e-20	4	transmembrane signaling receptor activity	['Transcript_112853.0', 'Transcript_130021.0', 'Transcript_211385.0', 'Transcript_36245.0']
GO:0015318	MF	3	7196	3	3.8432637025070857	1.654754328023004e-14	3	inorganic molecular entity transmembrane transporter activity	['Transcript_189221.0', 'Transcript_36245.0', 'Transcript_76950.0']
GO:0015075	MF	3	7192	3	3.8424615367700503	1.654754328023004e-14	3	ion transmembrane transporter activity	['Transcript_189221.0', 'Transcript_36245.0', 'Transcript_76950.0']
GO:0003677	MF	5	11799	4	3.819695608753464	4.752856490537582e-25	5	DNA binding	['Transcript_112853.0', 'Transcript_191098.0', 'Transcript_257167.0', 'Transcript_31608.0', 'Transcript_31669.0']
GO:0043565	MF	5	11659	5	3.802475069593245	9.206345330829983e-25	5	sequence-specific DNA binding	['Transcript_112853.0', 'Transcript_191098.0', 'Transcript_257167.0', 'Transcript_31608.0', 'Transcript_31669.0']
GO:0003690	MF	5	11608	5	3.7961504411561413	1.290358420081952e-24	5	double-stranded DNA binding	['Transcript_112853.0', 'Transcript_191098.0', 'Transcript_257167.0', 'Transcript_31608.0', 'Transcript_31669.0']
GO:1990837	MF	5	11587	6	3.7935381019333247	1.290358420081952e-24	5	sequence-specific double-stranded DNA binding	['Transcript_112853.0', 'Transcript_191098.0', 'Transcript_257167.0', 'Transcript_31608.0', 'Transcript_31669.0']
GO:0001067	MF	5	11551	4	3.7890487715347385	1.7635225781156457e-24	5	regulatory region nucleic acid binding	['Transcript_112853.0', 'Transcript_191098.0', 'Transcript_257167.0', 'Transcript_31608.0', 'Transcript_31669.0']
GO:0000976	MF	5	11551	5	3.7890487715347385	1.7635225781156457e-24	5	transcription regulatory region sequence-specific DNA binding	['Transcript_112853.0', 'Transcript_191098.0', 'Transcript_257167.0', 'Transcript_31608.0', 'Transcript_31669.0']
GO:0000977	MF	5	11523	6	3.785547386341618	1.7635225781156457e-24	5	RNA polymerase II transcription regulatory region sequence-specific DNA binding	['Transcript_112853.0', 'Transcript_191098.0', 'Transcript_257167.0', 'Transcript_31608.0', 'Transcript_31669.0']
GO:0003676	MF	6	13651	3	3.767003250023257	2.2188600497222926e-29	6	nucleic acid binding	['Transcript_112853.0', 'Transcript_191098.0', 'Transcript_257167.0', 'Transcript_261515.0', 'Transcript_31608.0', 'Transcript_31669.0']
GO:0005243	MF	5	65	6	3.684313549882149	0.00027283893979450585	5	gap junction channel activity	['Transcript_230834.0', 'Transcript_241138.0', 'Transcript_269791.0', 'Transcript_43910.0', 'Transcript_98532.0']
GO:0048029	MF	5	69	3	3.5981569061324343	0.00035690159464239367	5	monosaccharide binding	['Transcript_102585.0', 'Transcript_143340.0', 'Transcript_255061.0', 'Transcript_27692.0', 'Transcript_83712.0']
GO:0005216	MF	3	5951	4	3.5692006337197153	2.6581503460572325e-11	3	ion channel activity	['Transcript_189221.0', 'Transcript_36245.0', 'Transcript_76950.0']
GO:0016301	MF	3	5166	4	3.365116159373603	2.8563126699380154e-09	3	kinase activity	['Transcript_20276.0', 'Transcript_211385.0', 'Transcript_258684.0']
GO:0016773	MF	3	5097	4	3.3457168691609795	3.73052184131739e-09	3	phosphotransferase activity, alcohol group as acceptor	['Transcript_20276.0', 'Transcript_211385.0', 'Transcript_258684.0']
GO:0097159	MF	9	14997	2	3.317708042939126	5.9463040853258145e-30	9	organic cyclic compound binding	['Transcript_112853.0', 'Transcript_130021.0', 'Transcript_191098.0', 'Transcript_225184.0', 'Transcript_257167.0', 'Transcript_258684.0', 'Transcript_261515.0', 'Transcript_31608.0', 'Transcript_31669.0']
GO:1901363	MF	9	14709	2	3.2897332775412886	3.32380727911923e-29	9	heterocyclic compound binding	['Transcript_112853.0', 'Transcript_130021.0', 'Transcript_191098.0', 'Transcript_225184.0', 'Transcript_257167.0', 'Transcript_258684.0', 'Transcript_261515.0', 'Transcript_31608.0', 'Transcript_31669.0']
GO:0022829	MF	5	113	5	2.8865024004954156	0.003376746101387233	5	wide pore channel activity	['Transcript_230834.0', 'Transcript_241138.0', 'Transcript_269791.0', 'Transcript_43910.0', 'Transcript_98532.0']
GO:1901265	MF	3	3457	3	2.785589119518002	1.3264333254819194e-05	3	nucleoside phosphate binding	['Transcript_130021.0', 'Transcript_225184.0', 'Transcript_258684.0']
GO:0000166	MF	3	3457	3	2.785589119518002	1.3264333254819194e-05	3	nucleotide binding	['Transcript_130021.0', 'Transcript_225184.0', 'Transcript_258684.0']
GO:0016772	MF	5	5419	3	2.6971295688754258	2.3222148817747023e-08	5	transferase activity, transferring phosphorus-containing groups	['Transcript_20276.0', 'Transcript_211385.0', 'Transcript_258684.0', 'Transcript_27013.0', 'Transcript_68583.0']
GO:0048365	MF	7	190	8	2.622252581749897	0.0008979139988640625	7	Rac GTPase binding	['Transcript_231299.0', 'Transcript_270318.0', 'Transcript_34007.0', 'Transcript_52751.0', 'Transcript_56797.0', 'Transcript_75708.0', 'Transcript_88672.0']
GO:0022857	MF	8	7429	2	2.474199042727697	1.1200487290753541e-10	8	transmembrane transporter activity	['Transcript_189221.0', 'Transcript_230834.0', 'Transcript_241138.0', 'Transcript_269791.0', 'Transcript_36245.0', 'Transcript_43910.0', 'Transcript_76950.0', 'Transcript_98532.0']
GO:0016817	MF	6	5302	3	2.402605186122862	2.0439105297368822e-07	6	hydrolase activity, acting on acid anhydrides	['Transcript_1140.0', 'Transcript_225184.0', 'Transcript_247348.0', 'Transcript_257167.0', 'Transcript_258684.0', 'Transcript_269791.0']
GO:0016818	MF	6	5302	4	2.402605186122862	2.0439105297368822e-07	6	hydrolase activity, acting on acid anhydrides, in phosphorus-containing anhydrides	['Transcript_1140.0', 'Transcript_225184.0', 'Transcript_247348.0', 'Transcript_257167.0', 'Transcript_258684.0', 'Transcript_269791.0']
GO:0016462	MF	6	5302	5	2.402605186122862	2.0439105297368822e-07	6	pyrophosphatase activity	['Transcript_1140.0', 'Transcript_225184.0', 'Transcript_247348.0', 'Transcript_257167.0', 'Transcript_258684.0', 'Transcript_269791.0']
GO:0017111	MF	6	5272	6	2.394418886263655	2.0439105297368822e-07	6	nucleoside-triphosphatase activity	['Transcript_1140.0', 'Transcript_225184.0', 'Transcript_247348.0', 'Transcript_257167.0', 'Transcript_258684.0', 'Transcript_269791.0']
GO:0016787	MF	15	12039	2	2.2637840778693925	8.202453843442159e-17	15	hydrolase activity	['Transcript_112853.0', 'Transcript_1140.0', 'Transcript_165407.0', 'Transcript_225184.0', 'Transcript_228604.0', 'Transcript_234849.0', 'Transcript_235310.0', 'Transcript_247348.0', 'Transcript_257167.0', 'Transcript_258684.0', 'Transcript_260030.0', 'Transcript_261515.0', 'Transcript_266508.0', 'Transcript_269791.0', 'Transcript_34277.0']
GO:0005506	MF	5	180	6	2.2148282665809287	0.022464991313597586	5	iron ion binding	['Transcript_102585.0', 'Transcript_143340.0', 'Transcript_255061.0', 'Transcript_27692.0', 'Transcript_83712.0']
GO:0015267	MF	8	6092	4	2.187946958464051	8.855612088716177e-08	8	channel activity	['Transcript_189221.0', 'Transcript_230834.0', 'Transcript_241138.0', 'Transcript_269791.0', 'Transcript_36245.0', 'Transcript_43910.0', 'Transcript_76950.0', 'Transcript_98532.0']
GO:0022803	MF	8	6092	3	2.187946958464051	8.855612088716177e-08	8	passive transmembrane transporter activity	['Transcript_189221.0', 'Transcript_230834.0', 'Transcript_241138.0', 'Transcript_269791.0', 'Transcript_36245.0', 'Transcript_43910.0', 'Transcript_76950.0', 'Transcript_98532.0']
GO:0030246	MF	6	226	2	2.1495368063292095	0.012560818624616684	6	carbohydrate binding	['Transcript_102585.0', 'Transcript_112853.0', 'Transcript_143340.0', 'Transcript_255061.0', 'Transcript_27692.0', 'Transcript_83712.0']
GO:0036094	MF	9	6286	2	2.063248287333198	1.3423533387830032e-07	9	small molecule binding	['Transcript_102585.0', 'Transcript_130021.0', 'Transcript_143340.0', 'Transcript_225184.0', 'Transcript_255061.0', 'Transcript_257167.0', 'Transcript_258684.0', 'Transcript_27692.0', 'Transcript_83712.0']
GO:0003924	MF	6	4049	7	2.0136341589320605	7.031553171915846e-05	6	GTPase activity	['Transcript_1140.0', 'Transcript_225184.0', 'Transcript_247348.0', 'Transcript_257167.0', 'Transcript_258684.0', 'Transcript_269791.0']
GO:0019899	MF	15	9663	3	1.9466115824722119	4.438769044833191e-11	15	enzyme binding	['Transcript_195942.0', 'Transcript_229378.0', 'Transcript_231299.0', 'Transcript_232549.0', 'Transcript_270318.0', 'Transcript_34007.0', 'Transcript_34677.0', 'Transcript_43910.0', 'Transcript_52751.0', 'Transcript_56797.0', 'Transcript_59260.0', 'Transcript_74699.0', 'Transcript_75708.0', 'Transcript_79442.0', 'Transcript_88672.0']
GO:0043168	MF	10	6253	3	1.9036514390005306	6.759382730823337e-07	10	anion binding	['Transcript_102585.0', 'Transcript_1140.0', 'Transcript_130021.0', 'Transcript_143340.0', 'Transcript_225184.0', 'Transcript_255061.0', 'Transcript_257167.0', 'Transcript_258684.0', 'Transcript_27692.0', 'Transcript_83712.0']
GO:0046914	MF	7	325	5	1.8478122821650285	0.01745431550470885	7	transition metal ion binding	['Transcript_102585.0', 'Transcript_143340.0', 'Transcript_255061.0', 'Transcript_27692.0', 'Transcript_46586.0', 'Transcript_83712.0', 'Transcript_84481.0']
GO:0043167	MF	12	6781	2	1.7575665604677913	5.332863494397662e-07	12	ion binding	['Transcript_102585.0', 'Transcript_1140.0', 'Transcript_130021.0', 'Transcript_143340.0', 'Transcript_225184.0', 'Transcript_255061.0', 'Transcript_257167.0', 'Transcript_258684.0', 'Transcript_27692.0', 'Transcript_46586.0', 'Transcript_83712.0', 'Transcript_84481.0']
GO:0016788	MF	7	3802	3	1.7004346265677068	0.0009960978267199527	7	hydrolase activity, acting on ester bonds	['Transcript_165407.0', 'Transcript_225184.0', 'Transcript_228604.0', 'Transcript_234849.0', 'Transcript_235310.0', 'Transcript_260030.0', 'Transcript_266508.0']
GO:0005516	MF	11	624	3	1.55878266779829	0.007711278906609687	11	calmodulin binding	['Transcript_101995.0', 'Transcript_149184.0', 'Transcript_163470.0', 'Transcript_199944.0', 'Transcript_214496.0', 'Transcript_239184.0', 'Transcript_245269.0', 'Transcript_30189.0', 'Transcript_46382.0', 'Transcript_55624.0', 'Transcript_61695.0']
GO:0030018	CC	14	201	2	3.5410564989019164	1.1184339659586682e-09	14	Z disc	['Transcript_100840.0', 'Transcript_154811.0', 'Transcript_199810.0', 'Transcript_199838.0', 'Transcript_232582.0', 'Transcript_238953.0', 'Transcript_27842.0', 'Transcript_32938.0', 'Transcript_41286.0', 'Transcript_4363.0', 'Transcript_54676.0', 'Transcript_79196.0', 'Transcript_87159.0', 'Transcript_95379.0']
GO:0042995	CC	5	9364	2	3.4862278562014097	4.897881199303664e-18	5	cell projection	['Transcript_1140.0', 'Transcript_196906.0', 'Transcript_233853.0', 'Transcript_257761.0', 'Transcript_36245.0']
GO:0120025	CC	5	9364	3	3.4862278562014097	4.897881199303664e-18	5	plasma membrane bounded cell projection	['Transcript_1140.0', 'Transcript_196906.0', 'Transcript_233853.0', 'Transcript_257761.0', 'Transcript_36245.0']
GO:0043005	CC	4	7361	4	3.4609327879538236	1.496147774885692e-13	4	neuron projection	['Transcript_1140.0', 'Transcript_196906.0', 'Transcript_257761.0', 'Transcript_36245.0']
GO:0031674	CC	15	253	2	3.3086502889374496	1.9923912518100163e-09	15	I band	['Transcript_100840.0', 'Transcript_154811.0', 'Transcript_199810.0', 'Transcript_199838.0', 'Transcript_232582.0', 'Transcript_238953.0', 'Transcript_258783.0', 'Transcript_27842.0', 'Transcript_32938.0', 'Transcript_41286.0', 'Transcript_4363.0', 'Transcript_54676.0', 'Transcript_79196.0', 'Transcript_87159.0', 'Transcript_95379.0']
GO:0005922	CC	5	89	4	3.2309479319442054	0.0014144600214768264	5	connexin complex	['Transcript_230834.0', 'Transcript_241138.0', 'Transcript_269791.0', 'Transcript_43910.0', 'Transcript_98532.0']
GO:0030424	CC	3	3949	5	2.9775558837159513	1.6897435779615032e-06	3	axon	['Transcript_1140.0', 'Transcript_196906.0', 'Transcript_257761.0']
GO:0030016	CC	15	325	6	2.9473479557159425	3.714807147634198e-08	15	myofibril	['Transcript_100840.0', 'Transcript_154811.0', 'Transcript_199810.0', 'Transcript_199838.0', 'Transcript_232582.0', 'Transcript_238953.0', 'Transcript_258783.0', 'Transcript_27842.0', 'Transcript_32938.0', 'Transcript_41286.0', 'Transcript_4363.0', 'Transcript_54676.0', 'Transcript_79196.0', 'Transcript_87159.0', 'Transcript_95379.0']
GO:0030017	CC	15	325	2	2.9473479557159425	3.714807147634198e-08	15	sarcomere	['Transcript_100840.0', 'Transcript_154811.0', 'Transcript_199810.0', 'Transcript_199838.0', 'Transcript_232582.0', 'Transcript_238953.0', 'Transcript_258783.0', 'Transcript_27842.0', 'Transcript_32938.0', 'Transcript_41286.0', 'Transcript_4363.0', 'Transcript_54676.0', 'Transcript_79196.0', 'Transcript_87159.0', 'Transcript_95379.0']
GO:0043292	CC	15	331	5	2.920956456824542	4.57079353332599e-08	15	contractile fiber	['Transcript_100840.0', 'Transcript_154811.0', 'Transcript_199810.0', 'Transcript_199838.0', 'Transcript_232582.0', 'Transcript_238953.0', 'Transcript_258783.0', 'Transcript_27842.0', 'Transcript_32938.0', 'Transcript_41286.0', 'Transcript_4363.0', 'Transcript_54676.0', 'Transcript_79196.0', 'Transcript_87159.0', 'Transcript_95379.0']
GO:0030133	CC	3	3787	6	2.9171239371400226	3.2080221577607023e-06	3	transport vesicle	['Transcript_137150.0', 'Transcript_43910.0', 'Transcript_98532.0']
GO:0098590	CC	8	9909	3	2.8897704869834406	1.4721303357691127e-16	8	plasma membrane region	['Transcript_1140.0', 'Transcript_142592.0', 'Transcript_196906.0', 'Transcript_233853.0', 'Transcript_257761.0', 'Transcript_26959.0', 'Transcript_36245.0', 'Transcript_47950.0']
GO:0000785	CC	4	4508	2	2.7535185321489797	6.006170293753262e-07	4	chromatin	['Transcript_195139.0', 'Transcript_20259.0', 'Transcript_20276.0', 'Transcript_244212.0']
GO:0005912	CC	3	3248	5	2.695620148440779	5.244624968203868e-05	3	adherens junction	['Transcript_100840.0', 'Transcript_142592.0', 'Transcript_47950.0']
GO:0098827	CC	5	5150	3	2.62367535404734	1.0978369549797277e-07	5	endoplasmic reticulum subcompartment	['Transcript_116902.0', 'Transcript_130021.0', 'Transcript_137150.0', 'Transcript_46586.0', 'Transcript_84481.0']
GO:0005789	CC	5	5132	4	2.618624092179079	1.0978369549797277e-07	5	endoplasmic reticulum membrane	['Transcript_116902.0', 'Transcript_130021.0', 'Transcript_137150.0', 'Transcript_46586.0', 'Transcript_84481.0']
GO:0005768	CC	4	4007	6	2.583553526407557	6.299540386607434e-06	4	endosome	['Transcript_137150.0', 'Transcript_225184.0', 'Transcript_43910.0', 'Transcript_98532.0']
GO:0005921	CC	5	147	5	2.5070090180742395	0.01139560853095358	5	gap junction	['Transcript_230834.0', 'Transcript_241138.0', 'Transcript_269791.0', 'Transcript_43910.0', 'Transcript_98532.0']
GO:0042175	CC	6	5256	3	2.3900337915779324	3.903028050515396e-07	6	nuclear outer membrane-endoplasmic reticulum membrane network	['Transcript_116902.0', 'Transcript_130021.0', 'Transcript_137150.0', 'Transcript_233853.0', 'Transcript_46586.0', 'Transcript_84481.0']
GO:0016020	CC	17	14104	2	2.3116006500466013	6.231180938737541e-20	17	membrane	['Transcript_112853.0', 'Transcript_1140.0', 'Transcript_116902.0', 'Transcript_12046.0', 'Transcript_130021.0', 'Transcript_137150.0', 'Transcript_142592.0', 'Transcript_196906.0', 'Transcript_233853.0', 'Transcript_257761.0', 'Transcript_258684.0', 'Transcript_26959.0', 'Transcript_274841.0', 'Transcript_36245.0', 'Transcript_46586.0', 'Transcript_47950.0', 'Transcript_84481.0']
GO:0099503	CC	5	3994	6	2.2569372545333692	3.202945472006934e-05	5	secretory vesicle	['Transcript_43910.0', 'Transcript_46586.0', 'Transcript_64946.0', 'Transcript_84481.0', 'Transcript_98532.0']
GO:0031984	CC	8	6259	2	2.226963192920638	6.195183635613071e-08	8	organelle subcompartment	['Transcript_116902.0', 'Transcript_12046.0', 'Transcript_130021.0', 'Transcript_137150.0', 'Transcript_142592.0', 'Transcript_46586.0', 'Transcript_47950.0', 'Transcript_84481.0']
GO:1990234	CC	6	4675	3	2.2210348809179643	5.131066550868899e-06	6	transferase complex	['Transcript_130021.0', 'Transcript_241138.0', 'Transcript_262421.0', 'Transcript_27013.0', 'Transcript_34277.0', 'Transcript_68583.0']
GO:0097708	CC	8	6119	4	2.194326915811516	1.0978369549797277e-07	8	intracellular vesicle	['Transcript_137150.0', 'Transcript_225184.0', 'Transcript_34277.0', 'Transcript_43910.0', 'Transcript_46586.0', 'Transcript_64946.0', 'Transcript_84481.0', 'Transcript_98532.0']
GO:0031410	CC	8	6119	5	2.194326915811516	1.0978369549797277e-07	8	cytoplasmic vesicle	['Transcript_137150.0', 'Transcript_225184.0', 'Transcript_34277.0', 'Transcript_43910.0', 'Transcript_46586.0', 'Transcript_64946.0', 'Transcript_84481.0', 'Transcript_98532.0']
GO:0031982	CC	8	6119	4	2.194326915811516	1.0978369549797277e-07	8	vesicle	['Transcript_137150.0', 'Transcript_225184.0', 'Transcript_34277.0', 'Transcript_43910.0', 'Transcript_46586.0', 'Transcript_64946.0', 'Transcript_84481.0', 'Transcript_98532.0']
GO:1902494	CC	9	6852	2	2.1876311666184454	1.5836307377145022e-08	9	catalytic complex	['Transcript_130021.0', 'Transcript_20259.0', 'Transcript_241138.0', 'Transcript_258684.0', 'Transcript_262421.0', 'Transcript_266508.0', 'Transcript_27013.0', 'Transcript_34277.0', 'Transcript_68583.0']
GO:0031090	CC	12	9003	3	2.1664743355750473	3.6503906563248834e-11	12	organelle membrane	['Transcript_112853.0', 'Transcript_116902.0', 'Transcript_12046.0', 'Transcript_130021.0', 'Transcript_137150.0', 'Transcript_142592.0', 'Transcript_233853.0', 'Transcript_258684.0', 'Transcript_274841.0', 'Transcript_46586.0', 'Transcript_47950.0', 'Transcript_84481.0']
GO:0045202	CC	9	6148	3	2.031223180225218	3.3044653233046505e-07	9	synapse	['Transcript_112853.0', 'Transcript_147566.0', 'Transcript_165407.0', 'Transcript_196906.0', 'Transcript_257761.0', 'Transcript_31608.0', 'Transcript_36245.0', 'Transcript_43910.0', 'Transcript_98532.0']
GO:0005773	CC	15	9810	5	1.9683935574748417	4.3088516838523456e-11	15	vacuole	['Transcript_112853.0', 'Transcript_116902.0', 'Transcript_12046.0', 'Transcript_130021.0', 'Transcript_137150.0', 'Transcript_142592.0', 'Transcript_225184.0', 'Transcript_233853.0', 'Transcript_245678.0', 'Transcript_43910.0', 'Transcript_46586.0', 'Transcript_47950.0', 'Transcript_64946.0', 'Transcript_84481.0', 'Transcript_98532.0']
GO:0043231	CC	16	9966	4	1.8980455906602913	8.529392415609749e-11	16	intracellular membrane-bounded organelle	['Transcript_112853.0', 'Transcript_116902.0', 'Transcript_12046.0', 'Transcript_130021.0', 'Transcript_137150.0', 'Transcript_142592.0', 'Transcript_225184.0', 'Transcript_233853.0', 'Transcript_245678.0', 'Transcript_258684.0', 'Transcript_43910.0', 'Transcript_46586.0', 'Transcript_47950.0', 'Transcript_64946.0', 'Transcript_84481.0', 'Transcript_98532.0']
GO:0043227	CC	17	10220	3	1.8468914665514033	8.529392415609749e-11	17	membrane-bounded organelle	['Transcript_112853.0', 'Transcript_116902.0', 'Transcript_12046.0', 'Transcript_130021.0', 'Transcript_137150.0', 'Transcript_142592.0', 'Transcript_225184.0', 'Transcript_233853.0', 'Transcript_245678.0', 'Transcript_258684.0', 'Transcript_34277.0', 'Transcript_43910.0', 'Transcript_46586.0', 'Transcript_47950.0', 'Transcript_64946.0', 'Transcript_84481.0', 'Transcript_98532.0']
GO:0005667	CC	4	2359	2	1.8192064352162216	0.013707892277843501	4	transcription regulator complex	['Transcript_195139.0', 'Transcript_20259.0', 'Transcript_20276.0', 'Transcript_244212.0']
GO:0070161	CC	8	4129	3	1.6268234351529365	0.0009521135961067669	8	anchoring junction	['Transcript_100840.0', 'Transcript_142592.0', 'Transcript_230834.0', 'Transcript_241138.0', 'Transcript_269791.0', 'Transcript_43910.0', 'Transcript_47950.0', 'Transcript_98532.0']
GO:0005911	CC	8	4129	4	1.6268234351529365	0.0009521135961067669	8	cell-cell junction	['Transcript_100840.0', 'Transcript_142592.0', 'Transcript_230834.0', 'Transcript_241138.0', 'Transcript_269791.0', 'Transcript_43910.0', 'Transcript_47950.0', 'Transcript_98532.0']
GO:0030054	CC	15	7668	2	1.6129907580363911	5.496901198284409e-07	15	cell junction	['Transcript_100840.0', 'Transcript_112853.0', 'Transcript_142592.0', 'Transcript_147566.0', 'Transcript_165407.0', 'Transcript_196906.0', 'Transcript_230834.0', 'Transcript_241138.0', 'Transcript_257761.0', 'Transcript_269791.0', 'Transcript_31608.0', 'Transcript_36245.0', 'Transcript_43910.0', 'Transcript_47950.0', 'Transcript_98532.0']
